Date,Region,Product Category,Sales Channel,Revenue_USD,COGS_USD,Budget_Target,CSAT,Discount_Percent
2024-04-12,LATAM,Enterprise Software,Online,269178,116931,241400,3.7,7
2024-11-26,APAC,Consulting,Direct,185203,74373,158566,5.0,7
2025-05-06,EMEA,Cloud Services,Partner,277455,141148,279515,4.1,0
2025-07-14,APAC,Hardware,Online,394681,214057,378857,4.2,15
2025-11-17,EMEA,Hardware,Online,338947,117281,357281,4.2,2
2024-09-30,LATAM,Enterprise Software,Partner,215041,113244,189085,4.5,9
2025-01-01,LATAM,Hardware,Direct,289303,166635,279848,3.8,14
2025-01-22,EMEA,Cloud Services,Partner,250181,150260,275870,4.2,5
2024-07-20,EMEA,Consulting,Partner,435822,193011,438546,4.9,7
2025-12-25,LATAM,Enterprise Software,Partner,111357,48103,126899,4.4,4
2025-05-07,North America,Enterprise Software,Online,464444,276487,453771,4.1,0
2025-10-09,LATAM,Hardware,Online,490754,189724,533475,4.4,0
2025-05-04,APAC,Cloud Services,Direct,193323,69014,190391,3.6,6
2025-05-17,APAC,Cloud Services,Direct,499570,215181,557601,4.2,11
2025-09-04,APAC,Cloud Services,Online,194064,85313,209839,4.2,4
2025-01-27,APAC,Hardware,Partner,132409,78072,113796,4.5,11
2025-07-17,North America,Consulting,Partner,221428,95363,224074,3.8,6
2025-06-08,LATAM,Hardware,Online,365570,126435,379208,3.9,5
2025-10-07,LATAM,Consulting,Partner,446157,233204,395574,4.0,10
2024-07-08,North America,Enterprise Software,Direct,470058,294182,449267,4.0,13
2025-12-10,LATAM,Hardware,Direct,469494,187923,437016,3.9,4
2025-01-08,LATAM,Consulting,Direct,128451,74569,118968,3.9,0
2025-01-20,APAC,Enterprise Software,Direct,226688,136677,234139,4.3,7
2025-07-19,APAC,Enterprise Software,Direct,327824,131060,330866,4.2,2
2025-12-10,LATAM,Hardware,Online,130207,70664,139121,4.1,7
2025-09-01,EMEA,Cloud Services,Online,120078,66617,120373,4.5,0
2025-10-21,LATAM,Hardware,Online,396393,143157,378396,3.6,2
2025-05-03,North America,Consulting,Online,372833,213537,355056,3.7,7
2024-05-30,APAC,Cloud Services,Partner,40306,16686,44141,4.3,6
2025-07-25,North America,Cloud Services,Direct,375871,134124,421022,4.4,13
2024-01-09,North America,Hardware,Online,25151,9076,28071,4.7,15
2025-09-19,APAC,Enterprise Software,Partner,194423,83950,186973,4.9,3
2024-06-01,North America,Cloud Services,Partner,129121,50929,135007,3.8,1
2024-06-09,LATAM,Enterprise Software,Partner,363556,147622,379875,4.8,15
2025-02-04,LATAM,Enterprise Software,Online,181890,96481,167920,5.0,5
2024-12-30,APAC,Cloud Services,Online,363468,180635,379290,4.5,1
2025-04-25,North America,Consulting,Direct,215615,93231,232986,3.6,2
2024-06-20,LATAM,Cloud Services,Direct,92989,31890,99899,4.9,4
2024-12-14,North America,Cloud Services,Direct,150352,46594,131197,4.0,2
2024-06-09,LATAM,Hardware,Partner,175656,59223,185986,4.4,9
2025-09-17,LATAM,Hardware,Partner,28070,14757,26346,4.0,1
2024-04-13,North America,Enterprise Software,Online,219141,101715,205763,4.1,15
2025-02-11,North America,Consulting,Partner,258710,110632,234981,3.6,8
2025-02-03,EMEA,Consulting,Online,432097,203283,454396,4.0,1
2025-11-28,APAC,Cloud Services,Direct,294821,106099,272731,3.6,9
2024-02-23,APAC,Consulting,Direct,123632,47351,113091,4.4,7
2024-07-14,EMEA,Enterprise Software,Partner,472894,187347,540402,4.3,7
2025-10-31,APAC,Enterprise Software,Online,220706,88014,204210,3.8,11
2024-05-06,North America,Consulting,Direct,388496,133423,381777,3.9,9
2024-04-27,LATAM,Enterprise Software,Direct,124548,39050,133436,4.3,0
2024-09-03,APAC,Consulting,Partner,77215,29082,65966,3.7,2
2024-03-09,APAC,Enterprise Software,Partner,499197,207118,495329,3.6,13
2025-03-07,North America,Hardware,Direct,328717,141699,284148,4.9,13
2024-04-09,EMEA,Consulting,Online,206489,96572,208928,4.5,9
2024-01-16,LATAM,Consulting,Online,172049,58469,179089,4.7,0
2025-11-20,APAC,Consulting,Direct,14000,6444,15854,4.1,12
2025-02-20,LATAM,Cloud Services,Online,492859,297288,433830,3.5,12
2025-05-13,EMEA,Hardware,Online,103008,38168,88275,4.7,12
2025-09-08,APAC,Consulting,Partner,361732,149510,402695,4.6,1
2024-10-03,North America,Enterprise Software,Partner,48756,21718,49866,4.6,8
2025-07-01,EMEA,Enterprise Software,Online,438127,200416,403768,4.5,13
2024-10-05,North America,Hardware,Direct,196141,86243,195938,4.1,0
2025-01-31,APAC,Hardware,Direct,89459,29918,98775,4.0,11
2025-12-18,APAC,Consulting,Online,556964,335857,488742,4.4,14
2025-04-13,LATAM,Enterprise Software,Online,207775,120916,234635,5.0,8
2025-02-01,APAC,Cloud Services,Direct,426930,191360,453292,5.0,6
2024-01-09,EMEA,Cloud Services,Direct,218124,90676,190166,4.7,13
2025-09-25,EMEA,Enterprise Software,Direct,326837,121275,364131,3.9,15
2024-11-22,North America,Enterprise Software,Partner,230411,111403,221977,4.6,14
2025-12-14,EMEA,Hardware,Online,30582,15365,31237,4.6,12
2025-03-31,North America,Hardware,Direct,315062,124666,290251,4.1,0
2025-05-22,North America,Enterprise Software,Direct,375477,119789,320524,5.0,4
2024-05-28,LATAM,Cloud Services,Direct,202714,121600,205989,5.0,11
2025-02-05,APAC,Enterprise Software,Direct,310557,152681,322441,4.4,14
2025-10-17,APAC,Enterprise Software,Online,351003,116840,392098,4.2,9
2025-10-29,North America,Consulting,Partner,56427,26345,53944,4.4,3
2024-02-10,LATAM,Consulting,Online,188677,88144,177895,4.7,14
2025-07-11,APAC,Enterprise Software,Partner,408929,157962,422842,4.1,2
2024-08-29,APAC,Enterprise Software,Direct,11015,4039,10950,5.0,0
2024-10-08,APAC,Enterprise Software,Partner,279114,125399,242565,3.6,10
2025-05-25,North America,Enterprise Software,Online,432405,163505,497229,5.0,11
2025-03-12,APAC,Enterprise Software,Direct,283060,102780,261605,4.2,9
2024-01-01,APAC,Enterprise Software,Direct,329235,119358,354618,3.6,13
2024-04-04,LATAM,Hardware,Partner,199089,75316,200293,4.8,5
2024-02-23,LATAM,Enterprise Software,Partner,296429,147904,263882,3.5,10
2024-07-25,North America,Enterprise Software,Partner,440657,245054,392586,3.5,10
2024-11-01,EMEA,Cloud Services,Partner,35934,14735,36445,4.2,14
2024-11-30,LATAM,Cloud Services,Online,193401,76336,210602,4.2,2
2025-02-04,EMEA,Enterprise Software,Direct,233777,117677,243132,3.9,1
2024-04-20,North America,Hardware,Online,221791,112649,234943,3.8,14
2025-11-26,North America,Hardware,Online,436650,144997,450003,3.8,12
2024-01-05,EMEA,Consulting,Partner,439749,193345,420750,4.8,0
2024-03-18,EMEA,Enterprise Software,Online,33624,14782,29405,4.8,14
2024-02-17,North America,Enterprise Software,Partner,74291,42690,76459,5.0,0
2024-10-29,APAC,Consulting,Partner,149789,58419,151193,4.6,9
2025-10-27,EMEA,Hardware,Online,408342,187223,412275,3.7,6
2025-05-20,EMEA,Hardware,Online,176926,88253,151452,4.0,6
2024-08-18,EMEA,Cloud Services,Partner,57915,25825,61026,4.7,12
2024-04-18,EMEA,Hardware,Online,36069,15799,36766,4.1,7
2025-09-04,EMEA,Consulting,Partner,58447,27150,55472,4.9,7
2025-03-12,EMEA,Enterprise Software,Partner,11605,4070,10170,4.7,3
2025-10-25,APAC,Enterprise Software,Online,428034,216106,489976,3.7,14
2024-11-17,LATAM,Consulting,Online,132883,50878,123231,3.8,14
2025-07-27,North America,Cloud Services,Online,20954,9869,23082,3.8,7
2025-02-13,EMEA,Consulting,Online,199139,87829,211519,4.7,0
2025-07-03,North America,Cloud Services,Online,42254,21541,43444,4.1,3
2024-01-10,North America,Hardware,Partner,405435,204863,443125,3.9,1
2025-09-04,North America,Enterprise Software,Direct,257754,125404,250936,4.0,14
2025-08-03,EMEA,Consulting,Partner,137309,46478,124178,3.6,10
2024-10-22,LATAM,Cloud Services,Direct,18007,6868,16395,3.7,10
2025-12-25,North America,Enterprise Software,Online,198002,92878,189616,4.8,13
2024-03-29,EMEA,Consulting,Online,170359,71000,172392,4.2,2
2025-10-26,North America,Enterprise Software,Online,448774,196982,503498,4.4,1
2024-07-16,EMEA,Hardware,Online,355266,206047,395620,4.2,15
2025-04-22,APAC,Hardware,Direct,282933,147827,261584,4.6,8
2024-09-10,LATAM,Cloud Services,Partner,42265,14580,40262,4.7,4
2024-06-07,APAC,Consulting,Direct,212967,103675,231961,3.7,3
2024-02-16,LATAM,Consulting,Direct,292753,125197,309786,4.3,10
2024-10-09,North America,Consulting,Online,398349,205246,365766,4.1,9
2024-12-11,EMEA,Hardware,Partner,260385,108987,222741,4.8,1
2025-04-04,LATAM,Consulting,Direct,70279,27818,62953,4.4,4
2025-01-12,North America,Cloud Services,Online,185399,62725,182664,3.7,8
2025-02-08,EMEA,Cloud Services,Partner,389862,208407,357978,4.4,14
2025-03-06,North America,Enterprise Software,Direct,67545,24968,69646,3.7,3
2024-08-31,North America,Cloud Services,Online,476725,220385,473984,4.9,1
2025-10-01,APAC,Hardware,Online,482242,268649,482005,4.1,5
2024-06-09,North America,Enterprise Software,Online,276901,170037,290486,3.8,9
2024-03-24,North America,Enterprise Software,Partner,165989,76600,150276,3.9,11
2024-05-20,EMEA,Hardware,Online,296586,167410,269064,3.6,13
2024-10-12,LATAM,Consulting,Online,159521,58598,157285,4.3,0
2024-04-22,EMEA,Cloud Services,Partner,428738,214236,374138,4.6,0
2025-04-02,APAC,Cloud Services,Partner,193675,114729,173696,4.6,0
2024-12-14,LATAM,Enterprise Software,Direct,261127,139618,274592,3.5,2
2024-02-23,North America,Hardware,Direct,344402,140576,317350,3.6,2
2024-04-05,LATAM,Cloud Services,Partner,94458,48253,99221,3.8,15
2024-01-07,EMEA,Hardware,Direct,12198,7020,12501,4.1,15
2025-05-28,North America,Hardware,Direct,97955,53108,94419,4.4,10
2025-01-30,LATAM,Enterprise Software,Direct,481973,223821,472737,3.9,15
2025-05-14,EMEA,Cloud Services,Direct,266713,93785,290705,4.1,10
2024-04-24,North America,Cloud Services,Direct,45367,18689,42071,3.7,1
2024-08-22,EMEA,Consulting,Partner,248009,129041,212175,4.9,1
2024-02-11,LATAM,Enterprise Software,Partner,167729,80245,167601,4.6,0
2025-09-20,EMEA,Cloud Services,Direct,61226,23899,56647,4.4,5
2025-03-30,EMEA,Enterprise Software,Direct,307881,144804,266036,3.7,13
2024-12-28,North America,Hardware,Direct,25866,13719,25006,3.9,2
2025-05-26,LATAM,Enterprise Software,Online,21046,9346,20894,4.5,7
2025-02-09,North America,Consulting,Direct,69129,30696,62119,4.8,3
2025-05-21,North America,Hardware,Partner,188376,89615,179581,4.0,9
2025-10-02,North America,Enterprise Software,Online,93559,44917,81656,3.6,9
2024-04-17,LATAM,Hardware,Partner,30581,17463,28880,4.7,1
2024-01-17,EMEA,Enterprise Software,Online,269568,91261,290464,4.5,13
2024-03-21,APAC,Enterprise Software,Partner,115423,36453,129390,4.5,5
2025-07-24,EMEA,Enterprise Software,Direct,431151,134602,438369,4.2,6
2025-01-25,EMEA,Hardware,Direct,296214,176370,289261,4.7,15
2024-08-10,EMEA,Consulting,Online,291570,123811,304705,4.0,9
2025-09-11,LATAM,Enterprise Software,Partner,485266,217845,476681,4.1,4
2024-02-08,APAC,Consulting,Direct,316691,134753,339289,4.3,12
2025-05-07,EMEA,Consulting,Partner,583465,347522,649052,4.3,1
2025-02-19,LATAM,Hardware,Online,49974,26025,53979,4.1,13
2024-09-01,LATAM,Enterprise Software,Online,413832,244363,393517,4.3,9
2025-07-30,EMEA,Enterprise Software,Online,119996,44416,127755,4.4,13
2025-03-07,North America,Enterprise Software,Partner,253662,147925,245415,3.7,8
2024-07-05,EMEA,Enterprise Software,Direct,317172,100004,353729,4.4,5
2024-03-02,North America,Cloud Services,Direct,296406,173843,287654,4.8,3
2024-11-05,North America,Hardware,Direct,437373,264136,422164,3.6,9
2025-05-20,APAC,Consulting,Partner,484628,203091,443384,4.3,4
2024-01-20,EMEA,Enterprise Software,Direct,446090,202812,512513,4.8,1
2024-04-29,North America,Hardware,Direct,200792,86736,176184,4.8,3
2024-11-18,APAC,Consulting,Direct,337304,107028,373948,4.7,2
2024-02-09,North America,Enterprise Software,Online,322250,154507,309942,3.9,1
2024-06-24,EMEA,Cloud Services,Partner,378676,134678,434508,3.6,12
2024-10-27,LATAM,Cloud Services,Direct,94082,42017,98657,4.3,9
2024-10-15,EMEA,Consulting,Online,29623,10658,31474,4.8,10
2024-12-10,North America,Cloud Services,Online,95128,52628,106019,4.9,5
2024-01-31,APAC,Cloud Services,Partner,12719,7013,14278,3.5,10
2024-09-14,EMEA,Enterprise Software,Direct,591533,192629,614924,3.9,10
2025-11-30,LATAM,Consulting,Direct,268722,160670,289765,4.3,15
2024-08-11,EMEA,Hardware,Online,101357,33329,107070,3.6,5
2024-07-10,North America,Consulting,Partner,336032,159926,291466,3.6,9
2024-07-28,EMEA,Cloud Services,Online,34860,20252,37560,3.5,10
2024-02-02,EMEA,Hardware,Online,267951,165510,240534,4.2,9
2025-05-30,North America,Hardware,Direct,369912,167900,406080,3.9,6
2024-05-09,APAC,Cloud Services,Partner,480474,172770,547245,3.5,10
2024-01-21,APAC,Consulting,Direct,431818,210175,402568,5.0,3
2024-09-13,EMEA,Consulting,Partner,423198,251658,442453,4.1,2
2024-09-27,LATAM,Consulting,Online,240983,136478,267632,4.7,11
2025-08-13,APAC,Cloud Services,Partner,171779,72857,152775,3.5,6
2025-01-12,APAC,Consulting,Partner,272670,167863,280713,4.4,8
2025-06-04,EMEA,Consulting,Direct,262859,134642,269977,4.1,5
2024-03-04,North America,Enterprise Software,Direct,264225,134292,262634,4.4,13
2025-06-27,APAC,Enterprise Software,Direct,74288,28827,64027,4.2,11
2024-03-28,North America,Enterprise Software,Direct,455485,284445,453074,3.8,15
2025-11-03,EMEA,Consulting,Partner,204555,117340,195388,3.5,0
2024-04-25,EMEA,Cloud Services,Online,118737,48819,129444,3.8,9
2025-03-03,North America,Consulting,Online,329804,110528,339181,4.4,2
2024-08-10,LATAM,Enterprise Software,Partner,100827,33252,104617,4.7,7
2024-04-20,APAC,Hardware,Online,239834,105550,246847,4.7,3
2025-05-29,APAC,Enterprise Software,Partner,46877,18870,48188,4.5,10
2025-06-20,North America,Hardware,Partner,172962,81455,185637,4.8,6
2024-11-04,APAC,Consulting,Online,230971,137599,241590,4.0,1
2024-11-07,North America,Hardware,Online,463531,230384,424672,4.1,9
2024-07-25,North America,Hardware,Direct,475757,185473,510397,4.1,4
2025-05-30,LATAM,Consulting,Partner,442659,270007,491399,4.4,11
2025-02-23,EMEA,Enterprise Software,Partner,425231,152143,415244,3.9,14
2025-01-05,EMEA,Cloud Services,Direct,400411,165182,428413,3.7,1
2025-06-03,LATAM,Consulting,Partner,414777,211596,416346,4.1,11
2025-07-06,EMEA,Cloud Services,Direct,108317,45191,95164,4.5,8
2024-01-28,EMEA,Hardware,Direct,154832,76642,142617,3.9,7
2024-01-10,APAC,Cloud Services,Partner,348511,168458,366221,3.7,9
2024-05-12,LATAM,Consulting,Online,426715,223701,408697,4.1,0
2024-04-16,North America,Hardware,Direct,287707,107447,305434,4.2,4
2025-01-01,APAC,Cloud Services,Online,453324,238029,393089,4.3,3
2024-01-20,EMEA,Enterprise Software,Direct,180102,59044,170168,4.3,4
2024-07-24,LATAM,Cloud Services,Direct,176129,71897,150627,4.0,7
2024-07-03,APAC,Hardware,Online,16570,8271,16730,3.7,1
2025-09-29,North America,Consulting,Partner,315897,132667,360430,3.6,11
2025-10-30,LATAM,Cloud Services,Direct,396542,211518,415770,5.0,5
2025-03-02,EMEA,Cloud Services,Partner,38625,13697,41736,3.7,7
2024-12-10,EMEA,Consulting,Direct,133651,51047,140345,4.4,15
2024-08-07,EMEA,Cloud Services,Partner,15704,5571,17034,4.4,8
2025-05-03,APAC,Consulting,Partner,386188,197685,405604,4.7,5
2025-08-16,North America,Enterprise Software,Online,166498,63044,147527,4.3,12
2025-08-23,North America,Hardware,Direct,37723,18829,39935,4.1,9
2025-04-17,North America,Enterprise Software,Direct,368690,227702,378319,3.8,11
2024-01-03,North America,Cloud Services,Partner,250069,153619,238159,4.1,11
2024-10-30,North America,Hardware,Online,345914,160910,371533,4.6,15
2025-03-02,North America,Enterprise Software,Online,336250,115328,293002,4.9,6
2025-12-15,APAC,Hardware,Direct,307080,169395,276341,4.4,5
2025-01-07,LATAM,Cloud Services,Online,183724,86041,188184,3.6,14
2025-10-31,EMEA,Cloud Services,Direct,184668,84809,163794,4.8,8
2024-02-08,North America,Hardware,Online,492238,185070,445755,4.9,7
2024-03-24,LATAM,Cloud Services,Online,331333,161672,333967,3.7,0
2024-05-20,APAC,Cloud Services,Partner,175140,75649,190573,4.5,5
2025-01-12,North America,Enterprise Software,Partner,212903,98575,197295,4.0,15
2025-10-25,APAC,Consulting,Online,308185,181009,319636,4.2,8
2024-08-29,North America,Hardware,Direct,256242,93057,234467,3.6,11
2025-03-07,North America,Hardware,Online,174827,78320,160768,4.1,6
2025-05-23,North America,Cloud Services,Direct,27727,11780,29189,4.2,2
2025-09-28,APAC,Enterprise Software,Direct,327898,167120,359249,4.4,6
2024-04-11,EMEA,Consulting,Online,180604,75928,185791,4.1,7
2024-12-18,APAC,Cloud Services,Direct,477684,226076,525241,4.5,3
2025-03-03,APAC,Consulting,Direct,135703,58644,143036,3.8,5
2024-02-27,APAC,Cloud Services,Partner,408465,203602,391670,5.0,6
2025-04-15,EMEA,Consulting,Partner,185915,103258,196512,3.8,4
2024-07-26,EMEA,Cloud Services,Partner,240008,124258,251882,4.7,11
2025-10-17,EMEA,Enterprise Software,Online,112747,35205,127189,4.3,5
2025-09-24,EMEA,Enterprise Software,Partner,393381,138703,406183,4.3,6
2025-05-14,EMEA,Enterprise Software,Partner,419379,209478,404395,4.0,1
2025-03-24,APAC,Hardware,Partner,263334,115293,264572,4.9,9
2024-05-22,EMEA,Consulting,Direct,231427,117760,234185,4.4,14
2024-06-06,LATAM,Cloud Services,Partner,476381,270401,435219,4.7,5
2025-02-02,North America,Hardware,Partner,459370,245724,522394,4.4,1
2024-09-22,North America,Cloud Services,Direct,466956,240894,481857,3.7,5
2024-12-01,EMEA,Cloud Services,Direct,148918,54867,156347,3.7,8
2025-06-20,APAC,Consulting,Direct,401099,133266,392976,4.0,11
2025-06-15,EMEA,Enterprise Software,Online,486269,197882,435506,3.6,1
2025-04-11,EMEA,Cloud Services,Direct,260497,152303,275738,5.0,1
2024-03-23,North America,Hardware,Direct,212056,112605,186675,4.5,11
2025-08-31,LATAM,Consulting,Online,64823,34369,59393,3.8,0
2025-02-23,LATAM,Cloud Services,Online,329153,128492,319752,4.5,14
2025-04-27,APAC,Hardware,Partner,109853,43053,118728,3.5,6
2025-01-20,EMEA,Hardware,Direct,126981,48241,113156,4.3,4
2024-03-05,North America,Enterprise Software,Partner,493569,163488,538217,4.9,12
2024-06-12,North America,Hardware,Direct,473547,229048,522467,3.6,10
2025-05-24,LATAM,Cloud Services,Partner,293367,144111,284079,4.2,2
2024-01-21,EMEA,Enterprise Software,Direct,63352,32903,66927,4.2,7
2024-01-29,North America,Cloud Services,Partner,423497,152235,418602,4.5,15
2025-12-26,LATAM,Enterprise Software,Online,572198,278554,637850,3.7,11
2025-03-24,APAC,Enterprise Software,Direct,259031,101575,271389,4.7,8
2025-04-27,LATAM,Enterprise Software,Direct,157603,77496,155803,5.0,4
2025-03-11,APAC,Hardware,Online,135426,69818,131856,4.3,11
2024-12-17,LATAM,Consulting,Partner,377612,227831,430612,3.9,14
2024-12-25,North America,Enterprise Software,Partner,599920,359275,555900,3.9,1
2025-09-08,North America,Enterprise Software,Partner,464774,166043,439985,3.7,13
2025-05-02,EMEA,Cloud Services,Direct,118212,45685,123761,3.7,15
2024-09-29,LATAM,Cloud Services,Online,186072,93631,188868,4.1,8
2025-09-17,EMEA,Consulting,Partner,417507,200898,356473,5.0,15
2024-05-01,LATAM,Cloud Services,Online,348416,120664,322519,4.6,11
2025-10-22,EMEA,Consulting,Partner,427127,177322,385793,4.3,6
2024-08-22,North America,Cloud Services,Direct,189980,108215,200540,3.6,1
2025-07-15,APAC,Hardware,Online,187558,95895,182686,4.6,7
2024-12-18,LATAM,Hardware,Online,505503,282338,443895,4.4,2
2024-10-07,LATAM,Enterprise Software,Online,360343,162365,394044,4.6,9
2025-05-29,North America,Consulting,Online,31727,12372,28909,4.3,15
2024-10-28,APAC,Hardware,Online,86865,43729,87873,4.3,8
2024-08-21,EMEA,Cloud Services,Partner,176923,70970,190652,4.5,13
2024-03-10,LATAM,Hardware,Direct,354761,173970,370019,4.7,3
2024-08-14,EMEA,Enterprise Software,Partner,519654,311417,467722,3.8,4
2024-01-20,North America,Hardware,Online,78099,33684,67903,4.4,12
2024-02-24,LATAM,Consulting,Partner,119079,50273,122728,3.5,1
2024-11-14,EMEA,Hardware,Partner,453031,150138,413595,4.7,13
2024-01-19,LATAM,Enterprise Software,Partner,300998,141407,263848,3.8,0
2025-04-20,APAC,Hardware,Online,419400,223190,378317,4.5,11
2025-10-21,LATAM,Hardware,Online,171326,68844,183660,4.9,13
2025-05-19,LATAM,Enterprise Software,Partner,175937,104883,150823,4.7,2
2025-12-10,North America,Hardware,Direct,585295,346002,647229,3.8,4
2025-08-03,North America,Consulting,Direct,315107,147925,356450,4.6,0
2025-08-24,LATAM,Cloud Services,Online,459830,151368,498485,3.5,1
2024-06-30,EMEA,Consulting,Direct,148782,48951,129542,3.6,8
2025-02-17,EMEA,Consulting,Online,141234,77839,131571,4.6,13
2025-09-09,North America,Enterprise Software,Partner,261435,122803,224856,3.6,8
2024-09-06,APAC,Enterprise Software,Direct,319443,152908,304813,4.8,1
2025-11-02,LATAM,Hardware,Online,248511,122755,272954,4.7,6
2024-05-21,North America,Enterprise Software,Partner,261924,146287,279616,3.8,1
2024-10-31,APAC,Hardware,Direct,72292,24564,65417,3.5,15
2025-09-20,LATAM,Hardware,Partner,418568,170304,424231,5.0,6
2025-07-26,EMEA,Consulting,Partner,290618,129426,300461,3.8,5
2025-09-01,North America,Cloud Services,Direct,398612,160538,364661,3.6,1
2024-05-23,LATAM,Hardware,Direct,79286,41452,86111,3.7,5
2025-07-24,EMEA,Hardware,Online,110158,60852,99077,4.0,15
2024-08-01,APAC,Consulting,Direct,368478,206905,341449,4.9,5
2025-11-10,EMEA,Consulting,Partner,301262,143045,338246,4.3,7
2024-08-14,EMEA,Hardware,Online,360808,139746,411084,3.8,10
2025-08-08,LATAM,Consulting,Direct,348083,145368,379192,4.1,4
2024-08-25,LATAM,Cloud Services,Partner,410187,179930,369090,4.4,3
2024-09-15,APAC,Cloud Services,Online,14135,8025,12871,3.8,5
2025-09-04,LATAM,Consulting,Online,231796,84935,264323,4.8,3
2025-10-10,LATAM,Hardware,Partner,382598,127586,380917,3.7,15
2025-10-31,North America,Cloud Services,Partner,208137,89740,185022,4.5,14
2024-05-10,North America,Consulting,Direct,364195,196328,350977,5.0,1
2025-04-20,North America,Enterprise Software,Partner,105665,41941,99779,4.2,5
2024-12-29,LATAM,Enterprise Software,Direct,267234,95195,297684,4.3,1
2024-10-03,LATAM,Consulting,Partner,231373,122173,206521,4.0,0
2024-12-03,EMEA,Hardware,Direct,427668,166182,466953,4.8,5
2024-10-15,LATAM,Enterprise Software,Partner,142161,56594,123806,3.8,2
2024-07-19,LATAM,Consulting,Direct,31447,16610,32794,4.5,6
2024-05-22,APAC,Enterprise Software,Online,412744,200390,444845,4.9,4
2025-02-04,APAC,Enterprise Software,Online,60939,21593,63695,4.8,12
2024-08-06,APAC,Hardware,Online,486513,243329,446628,4.1,7
2025-12-02,APAC,Hardware,Partner,569872,274837,487468,4.1,13
2024-09-26,EMEA,Cloud Services,Online,63909,19950,70160,4.5,2
2024-10-10,LATAM,Enterprise Software,Online,38365,17657,39840,4.3,14
2025-02-01,LATAM,Cloud Services,Direct,220748,127380,203655,3.5,3
2025-01-10,LATAM,Enterprise Software,Partner,400346,207710,376315,4.6,4
2025-12-08,APAC,Consulting,Partner,424694,189427,474676,3.8,12
2025-11-25,LATAM,Enterprise Software,Partner,107136,66381,109797,5.0,15
2025-07-15,North America,Hardware,Direct,191572,72909,197260,3.7,15
2024-07-19,North America,Enterprise Software,Online,281312,95169,287369,4.3,1
2025-03-06,LATAM,Consulting,Partner,120155,47321,123828,4.8,13
2025-08-27,EMEA,Consulting,Direct,362050,146706,333531,4.3,8
2025-06-23,LATAM,Cloud Services,Direct,280914,149220,261663,4.2,5
2024-12-26,North America,Consulting,Online,586969,201069,499438,3.6,5
2024-09-18,EMEA,Hardware,Online,357515,184690,355588,3.8,8
2024-10-17,LATAM,Enterprise Software,Direct,410012,255170,349452,3.8,12
2025-07-08,LATAM,Consulting,Direct,368182,175416,337090,4.1,4
2025-01-16,North America,Enterprise Software,Direct,80448,29809,81210,4.8,8
2024-07-01,North America,Hardware,Direct,32207,19534,31729,4.9,10
2025-07-10,North America,Consulting,Online,54363,18576,57853,4.4,7
2024-08-27,North America,Enterprise Software,Partner,458614,172273,390037,4.5,11
2024-12-08,EMEA,Enterprise Software,Online,467411,245386,490588,4.7,1
2025-02-23,EMEA,Enterprise Software,Online,44542,14961,43262,4.0,3
2024-02-10,APAC,Cloud Services,Online,439852,185646,491055,4.4,8
2024-07-28,APAC,Cloud Services,Direct,115848,40534,123632,3.7,6
2025-05-28,North America,Cloud Services,Online,147103,85813,125554,4.1,13
2025-02-22,APAC,Enterprise Software,Online,230972,142019,204849,4.3,14
2024-08-10,North America,Hardware,Direct,17461,8831,19304,4.1,11
2025-03-04,APAC,Enterprise Software,Direct,216821,95599,199016,4.1,9
2024-07-13,LATAM,Consulting,Online,326456,195331,364617,3.5,14
2024-04-27,LATAM,Consulting,Direct,249511,114399,224482,4.5,6
2025-02-24,LATAM,Enterprise Software,Direct,487742,245855,490264,4.1,3
2025-02-22,APAC,Hardware,Online,414954,185568,365316,4.8,13
2025-01-26,EMEA,Consulting,Partner,105040,58594,104585,3.5,0
2025-03-18,APAC,Hardware,Direct,230931,140013,198435,4.1,9
2024-08-21,APAC,Cloud Services,Partner,482890,234898,452358,4.9,12
2024-05-04,North America,Cloud Services,Direct,41778,20001,47980,4.3,6
2024-03-17,APAC,Hardware,Partner,343299,166275,326860,4.3,0
2024-06-13,North America,Enterprise Software,Direct,348593,137843,383485,4.2,12
2025-07-07,EMEA,Consulting,Direct,197954,100019,184309,4.9,4
2024-12-24,LATAM,Hardware,Direct,131917,77335,129702,4.4,14
2024-05-18,LATAM,Hardware,Direct,327712,111391,339844,4.4,2
2024-06-13,APAC,Enterprise Software,Direct,362912,161529,333271,4.9,4
2024-04-26,EMEA,Hardware,Partner,273852,156315,297719,3.7,5
2024-07-02,LATAM,Enterprise Software,Partner,170761,56541,193768,4.3,11
2025-09-11,LATAM,Consulting,Partner,475918,237673,445333,3.8,6
2024-08-03,APAC,Hardware,Online,203226,98016,207937,4.8,15
2024-03-22,LATAM,Hardware,Online,16142,7359,18350,3.8,14
2024-11-24,LATAM,Consulting,Direct,280160,96909,313198,3.6,0
2024-11-18,APAC,Enterprise Software,Direct,428734,239995,458834,4.6,13
2024-01-22,North America,Cloud Services,Online,439890,198756,457381,4.5,5
2024-07-22,EMEA,Enterprise Software,Online,59847,37305,68784,4.5,13
2024-04-22,LATAM,Hardware,Partner,151958,58145,167190,4.6,2
2025-07-02,North America,Consulting,Direct,126923,49150,141560,4.6,15
2025-12-03,LATAM,Hardware,Direct,37537,20341,39647,3.5,13
2024-03-15,APAC,Consulting,Online,51869,23283,54946,3.5,11
2024-03-23,APAC,Cloud Services,Partner,352951,158761,384135,4.6,0
2024-07-06,EMEA,Cloud Services,Partner,187164,104490,174867,4.7,14
2025-09-23,EMEA,Hardware,Online,243077,86372,246648,3.8,4
2025-06-16,APAC,Enterprise Software,Online,492616,285285,550053,4.3,8
2025-03-21,EMEA,Cloud Services,Partner,35235,17161,32430,4.0,13
2024-01-22,EMEA,Hardware,Direct,197450,95085,177228,4.8,1
2024-12-19,APAC,Hardware,Direct,579334,292403,492457,4.3,0
2024-06-02,EMEA,Consulting,Partner,299061,108319,254544,3.9,7
2024-06-05,LATAM,Hardware,Direct,29008,15631,31990,4.0,10
2025-09-03,EMEA,Hardware,Online,446364,221755,508508,3.6,5
2025-11-28,APAC,Cloud Services,Direct,334512,144571,354969,3.5,11
2024-01-23,North America,Enterprise Software,Online,25372,8073,27358,4.9,4
2025-03-06,North America,Cloud Services,Direct,88356,32820,92176,3.6,3
2024-04-10,EMEA,Consulting,Online,160043,74690,146065,4.1,2
2024-08-23,North America,Consulting,Online,489208,244138,536491,4.8,12
2025-06-11,North America,Enterprise Software,Partner,498906,172598,456360,4.5,5
2024-06-21,North America,Cloud Services,Direct,28135,11774,30148,4.0,7
2024-05-28,LATAM,Consulting,Partner,326480,189488,281720,4.5,3
2024-02-18,EMEA,Cloud Services,Partner,459076,184358,423528,4.9,4
2025-02-01,EMEA,Hardware,Direct,192885,102228,205896,4.8,5
2025-01-12,LATAM,Cloud Services,Partner,448080,210384,416793,3.8,3
2025-08-26,EMEA,Consulting,Online,471354,181873,417648,3.9,14
2025-05-15,North America,Enterprise Software,Online,79561,40382,76499,3.5,6
2025-07-08,North America,Consulting,Direct,325014,114366,278562,4.8,3
2024-08-12,APAC,Enterprise Software,Direct,250853,132732,218168,3.8,10
2025-09-01,EMEA,Consulting,Direct,43870,26525,49894,4.9,11
2025-10-06,LATAM,Consulting,Partner,267354,122879,289565,3.8,14
2024-03-30,LATAM,Hardware,Partner,349384,127120,330008,3.9,9
2025-04-05,North America,Consulting,Online,279150,119798,305099,4.9,11
2024-04-11,LATAM,Cloud Services,Direct,28990,12050,25182,3.7,14
2024-01-05,LATAM,Consulting,Direct,188634,108222,214548,4.3,7
2024-01-15,LATAM,Enterprise Software,Partner,245796,148246,229182,4.7,13
2024-07-28,EMEA,Cloud Services,Partner,339612,188238,334063,3.8,2
2024-08-22,LATAM,Enterprise Software,Direct,497151,189940,549916,3.9,10
2025-08-04,North America,Consulting,Online,297995,151380,338494,4.3,15
2024-11-27,APAC,Enterprise Software,Direct,335905,185141,307080,3.5,2
2025-01-24,LATAM,Consulting,Online,297516,152770,315216,4.1,10
2025-03-25,EMEA,Hardware,Direct,422009,226618,388084,4.2,15
2025-08-15,APAC,Consulting,Partner,97893,46433,83564,3.5,12
2025-09-04,LATAM,Consulting,Partner,291854,176916,318828,3.8,10
2025-07-20,LATAM,Consulting,Online,168485,90014,163570,4.8,4
2024-06-21,EMEA,Consulting,Direct,50695,15412,43773,4.6,1
2025-02-07,North America,Cloud Services,Online,378226,176514,352757,4.4,0
2025-11-15,LATAM,Enterprise Software,Direct,258922,104866,238757,3.8,1
2025-02-07,LATAM,Hardware,Partner,415818,164027,381973,4.9,10
2024-10-04,EMEA,Consulting,Direct,167608,65744,170792,4.1,4
2025-08-10,EMEA,Hardware,Online,76668,27360,84622,4.1,14
2025-04-06,LATAM,Hardware,Partner,411491,191198,375007,3.9,14
2025-01-02,APAC,Consulting,Online,417085,179841,400112,3.9,11
2025-02-24,North America,Hardware,Online,386087,142563,366650,4.5,10
2025-06-19,LATAM,Cloud Services,Online,157745,75246,136231,3.9,8
2025-08-03,APAC,Cloud Services,Direct,198221,122103,193259,4.3,8
2024-12-22,North America,Cloud Services,Online,461248,279964,452597,4.8,5
2024-12-07,APAC,Consulting,Partner,193845,84479,188956,4.6,14
2024-11-01,EMEA,Cloud Services,Direct,426280,234247,409775,4.9,2
2025-07-04,LATAM,Consulting,Partner,38884,16829,40762,3.6,5
2024-07-20,LATAM,Hardware,Partner,88077,47151,91470,4.2,8
2025-07-13,LATAM,Hardware,Direct,261514,115058,283538,4.6,4
2025-07-16,LATAM,Enterprise Software,Direct,367246,207968,332011,3.6,7
2024-07-16,North America,Hardware,Online,23689,8453,22584,3.5,6
2025-11-11,North America,Enterprise Software,Direct,72021,29561,64617,3.7,5
2025-07-14,LATAM,Consulting,Online,102268,45734,96499,4.2,6
2024-04-09,LATAM,Consulting,Partner,313472,115780,278148,4.7,2
2024-09-26,EMEA,Enterprise Software,Online,482963,182976,489690,5.0,12
2024-12-04,North America,Enterprise Software,Direct,373605,138685,337655,4.7,15
2025-04-27,APAC,Consulting,Online,304442,114276,320621,4.4,9
2025-05-28,LATAM,Cloud Services,Online,227400,133422,214633,4.9,4
2025-09-17,LATAM,Hardware,Online,283586,149661,254899,3.8,1
2024-01-12,EMEA,Enterprise Software,Online,102036,32600,99909,4.8,0
2024-03-09,EMEA,Consulting,Online,95024,50359,100085,3.6,15
2025-07-12,APAC,Consulting,Direct,56220,22744,58451,3.8,3
2025-02-06,LATAM,Cloud Services,Direct,244231,127645,227842,4.1,3
2025-07-22,LATAM,Cloud Services,Partner,114092,64369,130202,3.7,9
2024-11-13,North America,Enterprise Software,Partner,382185,183135,364588,4.1,3
2025-01-21,EMEA,Cloud Services,Direct,220722,100896,233288,3.7,11
2025-03-14,APAC,Hardware,Direct,470270,277224,460447,4.5,5
2025-02-06,LATAM,Hardware,Online,157265,68176,166879,4.1,13
2024-10-09,EMEA,Enterprise Software,Direct,263279,120653,243495,3.5,8
2025-03-27,North America,Hardware,Partner,483048,209798,441469,4.9,9
2024-09-04,EMEA,Consulting,Partner,94381,40938,91142,4.9,11
2024-05-16,LATAM,Hardware,Direct,116121,45087,120205,4.6,3
2024-09-18,LATAM,Cloud Services,Direct,92289,45214,81010,4.6,10
2024-05-06,North America,Consulting,Online,201758,95972,215282,3.5,3
2024-09-04,LATAM,Enterprise Software,Online,101176,41253,92192,4.5,9
2024-05-30,APAC,Consulting,Online,375567,195748,321013,3.6,14
2024-10-22,APAC,Enterprise Software,Partner,299730,133074,315274,3.6,13
2024-10-30,APAC,Cloud Services,Partner,167221,63728,188928,4.3,14
2025-11-16,APAC,Cloud Services,Partner,369232,144231,371607,3.6,6
2025-05-04,North America,Enterprise Software,Direct,432277,198199,402301,4.1,10
2025-11-24,North America,Enterprise Software,Partner,153927,74453,159941,3.9,10
2024-07-06,EMEA,Cloud Services,Partner,140299,85413,153967,3.9,14
2024-05-18,EMEA,Enterprise Software,Direct,98835,58821,98570,4.9,6
2024-07-25,North America,Hardware,Online,23261,9617,21587,3.7,5
2025-10-06,North America,Cloud Services,Direct,321537,127274,353030,4.2,6
2024-03-09,North America,Consulting,Online,495687,226694,474405,4.0,9
2024-02-21,LATAM,Enterprise Software,Direct,252998,89020,287366,4.0,13
2024-06-25,EMEA,Cloud Services,Online,414303,139592,361807,4.7,4
2024-02-08,EMEA,Enterprise Software,Partner,233492,115944,230819,4.1,0
2025-12-26,North America,Enterprise Software,Online,328612,183439,347732,3.8,6
2024-02-14,North America,Hardware,Direct,489681,190133,491874,3.7,4
2024-10-15,EMEA,Enterprise Software,Partner,434170,230778,415188,3.7,2
2025-11-04,North America,Cloud Services,Online,495581,294712,479380,3.9,6
2025-01-16,LATAM,Consulting,Online,280472,112705,311727,4.5,14
2024-06-23,EMEA,Enterprise Software,Direct,494273,179342,513760,4.3,12
2024-07-23,LATAM,Enterprise Software,Direct,80463,42069,71841,4.5,12
2024-03-11,North America,Enterprise Software,Partner,202816,110069,203290,4.1,2
2025-07-27,North America,Hardware,Direct,133130,66773,148531,3.8,12
2025-01-14,LATAM,Enterprise Software,Partner,246187,112089,271011,4.7,8
2024-12-01,North America,Hardware,Online,570630,260507,572438,4.7,8
2025-03-04,APAC,Hardware,Online,79300,40415,86521,4.9,13
2025-07-13,EMEA,Consulting,Partner,61717,24259,68158,4.3,8
2024-02-18,North America,Cloud Services,Partner,278620,91174,256181,4.9,12
2024-11-18,APAC,Hardware,Partner,477149,213513,506727,4.1,15
2025-07-25,LATAM,Hardware,Partner,402670,137396,388080,4.7,10
2024-09-12,North America,Enterprise Software,Online,230283,85240,233628,3.6,1
2024-05-15,North America,Cloud Services,Partner,437876,177110,477679,4.3,15
2025-12-21,APAC,Enterprise Software,Online,591608,236243,533017,3.8,11
2024-08-07,EMEA,Enterprise Software,Partner,118944,53388,124443,4.8,14
2025-04-29,North America,Cloud Services,Partner,459449,220454,489276,3.9,11
2025-06-03,LATAM,Hardware,Direct,205623,115051,200987,4.9,12
2024-10-26,APAC,Hardware,Direct,325097,182673,319621,4.2,1
2024-11-13,LATAM,Enterprise Software,Partner,431669,231711,488528,4.5,8
2024-05-08,EMEA,Enterprise Software,Direct,271497,119841,252326,4.5,10
2024-07-25,LATAM,Consulting,Online,135814,50792,146964,4.6,5
2024-06-09,LATAM,Consulting,Direct,13748,7544,13398,4.8,14
2025-08-13,North America,Consulting,Partner,436673,232786,488801,4.8,15
2025-03-30,LATAM,Enterprise Software,Partner,392865,148345,429721,4.6,1
2025-07-03,LATAM,Hardware,Online,436940,169356,459782,3.5,14
2025-11-05,APAC,Hardware,Direct,487964,152075,545306,4.8,0
2025-05-22,LATAM,Enterprise Software,Online,436149,173889,452340,4.6,14
2025-11-25,APAC,Consulting,Online,427209,137764,416291,4.1,2
2024-12-04,North America,Consulting,Direct,97435,39763,102583,3.7,14
2025-10-26,LATAM,Consulting,Online,21094,10552,20280,4.4,7
2024-07-09,APAC,Enterprise Software,Online,294308,139430,326185,4.2,11
2025-11-08,North America,Cloud Services,Online,456751,169066,437900,4.8,10
2025-04-15,APAC,Enterprise Software,Direct,308326,130336,352192,3.6,8
2024-03-04,APAC,Consulting,Direct,159134,64044,156993,4.5,7
2024-04-02,EMEA,Cloud Services,Partner,447651,186711,474461,4.8,0
2024-04-27,LATAM,Cloud Services,Partner,209298,99511,203137,3.7,11
2025-03-13,EMEA,Hardware,Online,480165,238641,420321,4.4,12
2025-09-19,APAC,Consulting,Partner,481869,268222,534344,4.8,10
2024-06-03,North America,Hardware,Online,432984,235471,396123,4.5,2
2024-08-10,APAC,Enterprise Software,Online,430446,253653,409174,3.6,4
2025-09-22,LATAM,Enterprise Software,Direct,45903,15451,40189,4.1,9
2024-03-11,LATAM,Cloud Services,Partner,428554,252603,485429,3.6,3
2025-04-29,LATAM,Hardware,Direct,75149,24473,73790,3.9,8
2024-12-25,APAC,Cloud Services,Direct,445570,256245,413016,4.0,7
2025-09-28,North America,Consulting,Direct,316969,107937,343290,3.6,5
2025-01-10,APAC,Cloud Services,Partner,399150,159658,413186,3.7,6
2024-07-10,EMEA,Cloud Services,Partner,200359,115752,222923,4.2,15
2025-05-04,North America,Hardware,Partner,262084,132314,237767,4.0,7
2025-06-13,APAC,Consulting,Direct,97438,51041,98549,4.8,9
2024-02-01,North America,Consulting,Partner,431594,199043,462881,4.2,4
2025-03-03,EMEA,Hardware,Online,303624,171556,321707,4.1,1
2024-08-11,EMEA,Consulting,Direct,496252,225772,531422,4.3,4
2024-09-26,APAC,Cloud Services,Online,318295,125255,297231,3.7,8
2024-04-29,LATAM,Enterprise Software,Partner,64722,30728,62907,4.9,11
2025-08-30,North America,Cloud Services,Online,411479,239933,395992,4.7,13
2025-01-21,LATAM,Hardware,Direct,412234,187992,392156,5.0,14
2024-05-06,North America,Hardware,Partner,244196,112675,250711,4.6,9
2025-07-10,APAC,Cloud Services,Partner,214720,105865,197460,3.9,3
2024-09-29,LATAM,Cloud Services,Partner,81386,27720,84070,4.9,12
2024-04-20,APAC,Enterprise Software,Online,386036,142155,409486,4.4,0
2025-12-22,APAC,Enterprise Software,Partner,248973,97887,241344,4.7,12
2024-06-19,North America,Cloud Services,Direct,191871,80205,176141,4.5,6
2024-06-28,EMEA,Consulting,Online,481604,251618,532603,4.9,3
2025-01-01,North America,Consulting,Online,319066,171450,303368,4.2,1
2024-08-24,EMEA,Enterprise Software,Direct,234135,97707,241915,3.8,13
2024-05-18,APAC,Hardware,Online,294944,156001,310640,4.3,0
2025-02-10,LATAM,Cloud Services,Partner,23233,14038,25511,4.3,5
2024-08-20,North America,Hardware,Online,495514,299770,564116,4.5,7
2025-10-29,APAC,Enterprise Software,Partner,152482,79097,168406,4.9,7
2025-01-05,LATAM,Consulting,Partner,393152,203679,387917,4.5,10
2024-04-14,LATAM,Hardware,Partner,212834,113772,189991,4.0,9
2024-07-28,LATAM,Consulting,Direct,266446,150883,256255,4.9,11
2025-05-06,APAC,Enterprise Software,Online,316063,137625,282921,5.0,7
2025-06-20,APAC,Cloud Services,Online,338953,160227,355417,4.6,7
2024-12-25,EMEA,Hardware,Online,410312,137676,445295,4.2,9
2024-04-14,North America,Consulting,Partner,351678,121385,336566,4.6,1
2024-05-11,APAC,Consulting,Online,16511,7726,17648,4.9,0
2024-05-28,North America,Consulting,Direct,469379,261912,467381,3.7,5
2024-05-22,EMEA,Cloud Services,Partner,64195,36377,56810,4.3,8
2025-09-16,APAC,Consulting,Online,182502,78763,160922,4.8,3
2025-10-24,LATAM,Hardware,Partner,151449,50463,132490,3.9,8
2024-07-10,North America,Cloud Services,Direct,437700,220398,384147,4.4,6
2024-07-15,North America,Hardware,Partner,427216,258152,447558,4.3,7
2025-08-24,North America,Hardware,Online,432847,238120,422919,4.7,12
2025-09-06,APAC,Cloud Services,Direct,355783,208028,314764,3.5,14
2025-03-14,EMEA,Consulting,Direct,348030,154076,333330,4.7,8
2024-07-27,EMEA,Cloud Services,Online,487164,187210,462052,3.8,13
2025-10-18,EMEA,Enterprise Software,Partner,227516,129956,202916,4.4,13
2025-05-23,APAC,Enterprise Software,Direct,12462,6813,10655,4.5,4
2025-07-23,North America,Hardware,Direct,294697,143022,286541,3.7,14
2025-03-23,EMEA,Cloud Services,Direct,15368,8556,14165,4.3,12
2025-07-28,APAC,Hardware,Online,99424,49473,100935,4.1,2
2025-03-07,LATAM,Consulting,Direct,295052,97432,335969,4.2,0
2024-06-12,North America,Cloud Services,Partner,281487,152726,257585,3.9,13
2024-07-05,LATAM,Consulting,Partner,154771,86358,155619,4.6,12
2024-05-15,LATAM,Hardware,Online,69550,36311,76571,3.6,8
2025-01-05,APAC,Cloud Services,Direct,267336,136083,287578,4.3,15
2024-07-15,North America,Enterprise Software,Online,229707,81467,205342,4.7,1
2025-09-25,North America,Cloud Services,Direct,103078,55110,113722,4.2,5
2025-08-30,North America,Enterprise Software,Partner,199651,102308,172055,3.9,5
2025-10-12,APAC,Enterprise Software,Online,68819,26253,65635,4.5,0
2025-03-29,APAC,Cloud Services,Direct,292579,109720,272033,5.0,5
2025-05-29,North America,Consulting,Online,250909,118104,236192,3.8,0
2025-12-14,APAC,Enterprise Software,Online,263985,126430,297004,4.7,14
2024-08-24,LATAM,Consulting,Online,357160,124509,312600,4.1,9
2025-01-09,APAC,Enterprise Software,Direct,429149,181643,385764,3.9,2
2025-06-06,North America,Enterprise Software,Partner,358844,205029,329936,4.8,6
2024-04-30,EMEA,Cloud Services,Partner,555888,270234,477283,4.4,2
2024-09-18,North America,Consulting,Online,166078,102291,170480,4.1,14
2025-10-03,EMEA,Hardware,Online,389162,133376,374535,4.3,7
2024-01-12,North America,Cloud Services,Online,468768,262840,430246,4.7,14
2024-03-30,LATAM,Consulting,Partner,233068,85487,203947,3.8,14
2024-03-11,North America,Consulting,Direct,398388,208627,385787,4.3,12
2025-04-05,EMEA,Enterprise Software,Direct,134954,78168,125568,4.0,12
2024-08-11,LATAM,Cloud Services,Direct,379589,163431,361087,4.7,3
2025-03-02,EMEA,Cloud Services,Direct,401011,205488,355549,3.7,3
2025-07-03,EMEA,Consulting,Online,73928,28291,71643,3.7,15
2025-09-29,APAC,Enterprise Software,Partner,36553,19183,31960,5.0,3
2025-09-09,APAC,Hardware,Online,350130,162416,364615,5.0,8
2024-10-14,EMEA,Hardware,Partner,372811,139739,339428,4.9,15
2024-04-16,LATAM,Enterprise Software,Online,174726,65372,149366,4.7,4
2025-08-29,North America,Enterprise Software,Online,93291,50543,85183,4.6,15
2025-01-20,EMEA,Consulting,Online,442537,176947,488590,4.0,1
2025-05-04,APAC,Enterprise Software,Partner,13009,5141,13303,4.1,0
2025-11-08,LATAM,Enterprise Software,Direct,342553,116153,324447,4.5,11
2025-01-08,EMEA,Hardware,Direct,158725,91012,168314,3.7,5
2024-12-01,EMEA,Consulting,Partner,144201,83071,123775,4.4,7
2025-05-19,EMEA,Consulting,Online,128843,56633,116267,3.9,2
2025-11-01,North America,Cloud Services,Partner,17452,6298,17854,4.3,14
2024-10-06,North America,Cloud Services,Partner,152157,65081,144897,4.9,4
2024-11-27,EMEA,Consulting,Partner,89267,37371,99986,4.7,14
2024-06-12,LATAM,Cloud Services,Partner,214994,131504,200285,3.8,6
2025-03-27,North America,Consulting,Online,343261,208403,366820,4.0,6
2025-08-21,EMEA,Enterprise Software,Online,226621,78121,223947,4.2,11
2024-04-18,APAC,Consulting,Online,256375,101538,227011,3.5,15
2024-10-13,APAC,Enterprise Software,Online,113533,66118,124271,4.8,5
2025-12-24,APAC,Enterprise Software,Direct,70708,25901,68248,4.5,5
2025-05-22,APAC,Enterprise Software,Online,297360,167888,259985,4.7,3
2025-07-19,LATAM,Hardware,Direct,24389,14590,27252,4.2,9
2024-02-27,North America,Hardware,Direct,104913,38412,107818,4.5,12
2025-11-03,APAC,Consulting,Online,496084,289778,506895,3.9,10
2025-11-09,LATAM,Hardware,Partner,247330,144007,268131,4.5,5
2025-03-16,EMEA,Consulting,Online,184004,103249,163333,4.9,10
2025-09-18,EMEA,Hardware,Online,66396,27250,73017,5.0,3
2024-07-25,APAC,Hardware,Partner,348585,129666,300645,4.2,9
2025-03-23,EMEA,Cloud Services,Partner,493241,178071,505541,4.6,2
2025-01-10,APAC,Hardware,Online,463955,188305,501597,4.0,8
2025-07-16,North America,Enterprise Software,Partner,390724,131583,446423,4.7,7
2025-07-19,North America,Consulting,Partner,301075,102608,316981,4.0,10
2024-12-13,EMEA,Enterprise Software,Online,516321,231353,492408,4.7,11
2025-06-24,APAC,Enterprise Software,Partner,258141,104952,296687,4.2,2
2025-02-17,LATAM,Enterprise Software,Direct,155486,56133,151512,4.1,13
2025-07-12,North America,Consulting,Partner,182275,109285,199430,4.9,9
2024-10-04,North America,Cloud Services,Direct,289720,137551,298568,4.4,9
2025-11-03,North America,Consulting,Direct,371659,219492,385035,4.5,1
2024-09-16,North America,Hardware,Partner,383192,172783,365428,4.7,12
2025-09-26,APAC,Hardware,Partner,202888,111664,225942,4.3,1
2024-07-05,APAC,Consulting,Direct,220448,72776,237321,4.4,6
2025-10-05,EMEA,Cloud Services,Partner,148442,55428,161065,3.9,11
2025-03-30,North America,Enterprise Software,Online,59593,19470,53821,4.6,9
2025-12-12,LATAM,Cloud Services,Online,259108,110848,292994,4.5,1
2024-02-02,EMEA,Enterprise Software,Partner,564744,329901,618008,3.9,5
2025-12-02,North America,Hardware,Partner,195920,97512,169739,4.4,6
2025-11-13,EMEA,Consulting,Partner,113844,69159,124789,4.7,11
2025-12-22,LATAM,Enterprise Software,Partner,531278,237796,583226,4.4,7
2024-01-25,APAC,Enterprise Software,Direct,347462,115571,351747,4.4,10
2024-08-07,APAC,Hardware,Direct,329752,185501,286183,4.4,9
2025-07-07,North America,Consulting,Online,388185,163054,339286,4.2,10
2025-01-21,APAC,Cloud Services,Direct,484062,284945,469219,4.3,2
2024-05-26,APAC,Consulting,Online,315273,146182,268675,3.5,3
2024-05-15,APAC,Consulting,Direct,332754,189485,308606,3.7,15
2024-11-22,APAC,Hardware,Partner,325617,112393,328049,4.2,8
2024-09-22,APAC,Consulting,Partner,245207,117338,277348,5.0,7
2025-11-30,EMEA,Cloud Services,Partner,264371,109127,282516,3.6,10
2024-07-08,North America,Hardware,Partner,60971,24405,54932,3.6,1
2024-02-25,APAC,Consulting,Online,458648,191764,469603,3.5,7
2024-09-05,EMEA,Consulting,Online,135849,46331,120148,4.2,15
2025-12-09,North America,Consulting,Partner,514369,290960,527901,3.7,14
2024-06-23,APAC,Consulting,Online,180956,74857,188961,4.8,1
2024-11-04,EMEA,Cloud Services,Partner,252037,124556,245207,5.0,7
2025-10-24,LATAM,Cloud Services,Online,380513,153247,371381,4.4,11
2025-06-23,APAC,Consulting,Direct,324493,101514,362472,4.5,0
2024-06-16,LATAM,Cloud Services,Direct,353677,156125,306904,4.4,6
2025-02-22,LATAM,Enterprise Software,Partner,406103,163638,414849,4.2,11
2024-03-25,North America,Enterprise Software,Direct,40341,21023,43135,4.6,6
2024-12-17,EMEA,Enterprise Software,Online,16474,6642,14985,4.0,0
2025-04-10,LATAM,Hardware,Online,235959,117401,255794,4.3,2
2025-10-07,APAC,Enterprise Software,Direct,44924,16942,48091,4.4,8
2025-08-11,North America,Hardware,Direct,415237,244874,439405,3.8,4
2024-02-27,EMEA,Enterprise Software,Partner,250970,146216,237318,3.7,5
2025-05-17,North America,Hardware,Direct,497063,206925,504598,4.1,2
2024-02-04,EMEA,Enterprise Software,Direct,454844,205982,508150,4.4,13
2025-12-23,North America,Consulting,Partner,411957,183058,372506,3.9,8
2025-03-14,EMEA,Cloud Services,Direct,353932,169905,366187,3.6,4
2025-07-04,APAC,Cloud Services,Partner,57645,31808,53897,4.1,8
2024-11-24,APAC,Hardware,Online,338871,177351,317881,3.9,8
2024-05-22,APAC,Enterprise Software,Direct,106502,46714,111710,4.5,4
2025-06-08,LATAM,Cloud Services,Direct,287833,154806,320624,3.6,12
2024-12-31,LATAM,Enterprise Software,Partner,465566,257832,415023,4.8,10
2025-01-10,North America,Consulting,Direct,236377,93271,254814,4.0,11
2025-07-25,APAC,Hardware,Online,468580,232517,450860,4.8,6
2024-03-29,APAC,Cloud Services,Online,448480,189477,479332,4.4,12
2024-04-15,APAC,Cloud Services,Online,250313,119088,261218,4.6,2
2025-12-26,APAC,Consulting,Online,484930,170475,530330,4.7,14
2024-01-15,North America,Consulting,Online,255282,145268,267360,4.5,6
2025-06-25,APAC,Enterprise Software,Direct,224159,122788,245166,3.6,14
2025-08-14,LATAM,Hardware,Partner,117792,41243,130913,4.7,14
2025-07-01,North America,Cloud Services,Partner,344038,139417,326658,4.3,5
2024-05-31,APAC,Cloud Services,Online,353154,188012,385191,4.8,13
2024-03-18,APAC,Cloud Services,Direct,162117,88080,183690,4.8,7
2024-04-21,LATAM,Cloud Services,Online,105558,33781,108656,3.6,8
2025-12-08,APAC,Hardware,Online,193542,117656,206168,4.2,12
2024-08-17,APAC,Consulting,Online,292152,107823,296438,3.8,10
2025-04-28,North America,Enterprise Software,Online,288910,133398,317400,4.7,0
2025-01-06,APAC,Cloud Services,Online,477059,202605,505256,4.0,13
2024-01-24,LATAM,Hardware,Partner,281409,96828,243182,4.9,5
2024-09-27,EMEA,Consulting,Online,230935,79299,216959,4.7,13
2024-12-17,North America,Consulting,Partner,92931,49582,80557,3.9,0
2024-11-29,North America,Enterprise Software,Partner,445281,209826,382932,3.7,5
2025-07-03,EMEA,Consulting,Online,417861,170928,429815,4.1,4
2025-08-19,North America,Enterprise Software,Partner,155698,56350,162645,4.1,4
2024-09-29,LATAM,Cloud Services,Online,178065,80509,168495,4.4,3
2024-11-20,North America,Consulting,Online,204152,111615,199172,3.8,4
2024-09-21,APAC,Consulting,Partner,41551,16093,37410,3.7,5
2025-08-31,EMEA,Hardware,Direct,137870,71925,127206,3.6,7
2024-02-28,LATAM,Enterprise Software,Partner,43896,26395,50405,3.8,6
2025-08-21,EMEA,Cloud Services,Direct,384796,195332,378352,4.5,5
2025-03-01,North America,Hardware,Partner,305830,185647,331340,4.2,5
2024-03-11,LATAM,Cloud Services,Partner,230934,122433,250505,4.8,7
2024-02-21,EMEA,Hardware,Direct,324260,199064,314870,3.9,8
2025-11-21,EMEA,Consulting,Online,480949,258582,442506,3.6,5
2024-03-23,EMEA,Hardware,Direct,445126,228322,495323,4.9,13
2025-02-16,APAC,Enterprise Software,Partner,487793,153156,423437,3.9,0
2024-09-29,EMEA,Cloud Services,Online,449256,259333,467438,3.7,7
2025-04-26,APAC,Cloud Services,Direct,74384,25781,65874,3.8,3
2024-08-06,North America,Enterprise Software,Online,272204,164964,273166,4.7,5
2025-08-08,LATAM,Hardware,Direct,202376,71548,184114,3.9,10
2024-06-10,EMEA,Enterprise Software,Partner,88863,34987,80712,4.2,2
2025-10-13,EMEA,Cloud Services,Direct,124003,57523,108655,4.1,14
2024-02-14,North America,Hardware,Online,277673,93660,315461,4.0,12
2025-07-01,North America,Hardware,Online,120776,68315,130323,3.7,4
2025-08-21,EMEA,Hardware,Partner,50860,22349,52893,4.2,14
2025-11-11,APAC,Hardware,Online,66633,28054,75110,4.7,15
2025-07-26,EMEA,Consulting,Partner,13174,5784,14416,4.1,9
2024-07-27,North America,Cloud Services,Online,252878,136056,263710,4.4,14
2025-07-06,LATAM,Hardware,Partner,108970,61107,107957,4.7,11
2024-05-09,APAC,Consulting,Partner,82902,43201,87474,3.5,12
2025-03-22,EMEA,Enterprise Software,Online,339801,189527,328262,3.6,15
2025-02-27,EMEA,Consulting,Direct,172448,105915,171613,3.7,8
2025-10-10,LATAM,Enterprise Software,Direct,325508,101639,296778,4.6,1
2025-10-22,EMEA,Hardware,Direct,173991,94192,156569,4.9,0
2024-03-22,North America,Enterprise Software,Partner,259264,135427,294425,4.6,12
2025-07-12,APAC,Consulting,Direct,349148,166976,319461,4.8,14
2025-06-21,North America,Cloud Services,Partner,148925,64741,163641,3.8,11
2024-09-29,LATAM,Enterprise Software,Direct,259527,106527,282596,4.7,14
2025-12-12,LATAM,Consulting,Direct,350674,178925,355365,3.6,6
2024-05-08,North America,Enterprise Software,Partner,39813,20454,40809,4.2,15
2024-05-13,LATAM,Consulting,Online,447480,206866,407752,3.9,13
2025-06-21,North America,Enterprise Software,Online,209618,93613,203063,4.4,3
2025-09-11,EMEA,Enterprise Software,Partner,117051,64418,115180,3.7,13
2025-07-31,EMEA,Enterprise Software,Online,199518,69486,202550,3.7,0
2025-11-29,EMEA,Hardware,Online,222235,74976,227139,4.0,15
2025-05-23,EMEA,Cloud Services,Direct,261071,131487,285800,4.4,1
2024-02-20,LATAM,Hardware,Online,175637,60613,153935,4.7,3
2025-03-18,North America,Hardware,Online,219087,121450,232666,4.3,2
2024-09-27,APAC,Enterprise Software,Partner,336160,203561,318215,4.3,9
2025-09-09,LATAM,Enterprise Software,Online,296198,123556,268906,3.6,13
2025-06-29,North America,Cloud Services,Partner,274080,99335,299698,4.2,0
2025-05-30,EMEA,Enterprise Software,Partner,434041,141086,463681,4.9,8
2024-03-21,EMEA,Cloud Services,Partner,39063,16913,40263,4.2,10
2025-06-03,EMEA,Hardware,Direct,469491,248246,508142,4.1,3
2024-09-09,EMEA,Consulting,Partner,335361,190131,292071,4.8,4
2024-05-14,North America,Enterprise Software,Partner,318645,190863,316233,4.0,5
2025-01-09,EMEA,Cloud Services,Partner,355744,165241,311496,5.0,5
2024-09-04,EMEA,Enterprise Software,Direct,171149,80654,149322,3.7,0
2024-12-17,LATAM,Consulting,Partner,73778,34419,79726,3.6,9
2024-01-25,APAC,Hardware,Partner,376648,180231,363414,4.6,3
2025-03-30,LATAM,Enterprise Software,Direct,163857,93698,158610,4.4,1
2025-03-10,EMEA,Enterprise Software,Partner,440481,188893,491331,3.8,7
2024-12-08,LATAM,Enterprise Software,Online,149857,67227,150604,3.9,9
2025-08-23,LATAM,Cloud Services,Online,367092,176716,395480,3.9,13
2024-05-19,LATAM,Cloud Services,Direct,88840,49965,90101,3.7,7
2024-06-30,North America,Hardware,Direct,457746,212123,403141,4.6,9
2024-04-17,LATAM,Cloud Services,Direct,319732,128380,272784,4.1,5
2024-03-28,LATAM,Consulting,Online,252599,100053,245507,4.8,13
2025-05-31,APAC,Cloud Services,Direct,293816,150767,324223,4.2,4
2024-02-09,LATAM,Consulting,Online,280590,160718,302177,4.2,14
2024-01-11,LATAM,Cloud Services,Direct,227508,116972,225361,3.7,6
2024-08-06,APAC,Consulting,Direct,457126,255505,494024,4.1,10
2024-12-01,APAC,Enterprise Software,Partner,50582,24696,55387,4.8,11
2025-06-04,LATAM,Enterprise Software,Partner,160259,67892,142025,5.0,5
2024-08-13,North America,Hardware,Partner,355452,137233,312715,4.1,15
2024-06-29,North America,Hardware,Direct,256983,84593,234224,4.7,4
2025-11-08,APAC,Enterprise Software,Direct,79202,41594,74556,5.0,5
2024-10-07,APAC,Consulting,Partner,363699,173717,404018,3.8,4
2025-05-24,APAC,Enterprise Software,Online,280561,122909,279654,3.7,8
2025-03-09,APAC,Consulting,Partner,475483,245359,471818,3.8,3
2025-12-30,North America,Consulting,Online,108876,47797,121429,3.7,7
2025-07-14,EMEA,Cloud Services,Online,109477,54386,109629,3.5,10
2025-04-16,LATAM,Hardware,Partner,314094,162551,359232,4.1,14
2025-09-01,APAC,Consulting,Direct,434315,192566,473117,4.8,9
2025-03-27,LATAM,Consulting,Partner,287483,96590,304487,3.6,13
2025-05-17,LATAM,Enterprise Software,Online,97508,38607,108448,3.8,7
2024-09-02,North America,Consulting,Online,315302,166664,306003,4.3,11
2024-02-06,North America,Hardware,Partner,329532,181011,330835,4.6,1
2024-01-19,North America,Consulting,Online,103944,62305,100072,4.7,11
2024-02-24,EMEA,Consulting,Partner,39992,18913,37049,4.0,4
2024-05-07,APAC,Enterprise Software,Direct,486016,204722,524780,3.6,6
2024-05-24,North America,Cloud Services,Direct,324941,163665,367426,4.2,14
2024-05-26,LATAM,Cloud Services,Direct,220765,76386,216317,4.3,7
2025-01-12,LATAM,Cloud Services,Online,419861,146036,399180,4.4,8
2024-05-06,LATAM,Consulting,Partner,215782,101450,201455,4.9,3
2025-09-23,North America,Cloud Services,Online,351701,187209,341674,5.0,8
2025-01-21,EMEA,Enterprise Software,Online,236024,114266,236764,3.9,8
2025-03-11,LATAM,Enterprise Software,Partner,261063,103938,252675,3.9,6
2025-05-11,APAC,Enterprise Software,Direct,413964,132761,436281,4.4,1
2025-07-07,EMEA,Hardware,Direct,490369,206689,526955,3.8,14
2025-04-10,North America,Cloud Services,Online,100054,33539,87956,3.6,0
2025-12-09,EMEA,Consulting,Direct,466588,189205,468711,5.0,7
2024-07-28,North America,Cloud Services,Online,234866,116645,224082,4.1,6
2024-09-27,LATAM,Consulting,Direct,321714,119357,306076,4.6,5
2025-12-25,North America,Enterprise Software,Direct,190801,111606,172793,3.8,14
2024-05-25,LATAM,Cloud Services,Online,212459,86193,236202,3.9,1
2025-08-06,EMEA,Hardware,Partner,359345,202158,333740,4.4,1
2025-12-13,EMEA,Consulting,Online,578690,262617,611696,4.8,4
2025-02-12,LATAM,Consulting,Partner,409594,171894,381758,4.6,13
2025-11-08,APAC,Consulting,Online,255847,130471,241696,4.2,8
2024-05-12,LATAM,Cloud Services,Partner,101493,33444,98786,4.2,11
2024-04-17,EMEA,Enterprise Software,Online,537202,272755,536564,3.5,11
2025-05-12,EMEA,Enterprise Software,Partner,308162,128147,337264,4.1,11
2025-02-19,APAC,Hardware,Partner,99941,58195,87016,4.2,9
2025-10-18,APAC,Enterprise Software,Partner,152339,80904,140399,3.8,9
2024-11-20,LATAM,Cloud Services,Direct,206314,106044,199562,5.0,12
2025-04-27,APAC,Consulting,Direct,268916,107302,257513,3.9,7
2025-04-17,LATAM,Enterprise Software,Partner,76381,39420,80671,4.0,12
2024-12-20,North America,Enterprise Software,Partner,331171,165997,314219,4.5,12
2025-04-18,EMEA,Hardware,Online,454854,222015,485832,4.5,11
2025-07-04,North America,Enterprise Software,Direct,381380,168224,428873,3.7,12
2024-02-09,EMEA,Consulting,Direct,15666,7089,16710,3.8,4
2024-04-25,EMEA,Hardware,Online,312666,166003,282815,4.3,12
2025-03-16,EMEA,Cloud Services,Direct,114843,53227,103251,4.0,0
2024-03-10,EMEA,Cloud Services,Partner,487011,297258,486945,4.6,11
2024-10-15,EMEA,Cloud Services,Online,409589,142596,409489,3.9,4
2025-08-13,EMEA,Hardware,Partner,493414,214383,491718,4.3,5
2025-11-11,LATAM,Hardware,Direct,95366,34484,104755,4.4,11
2024-11-09,North America,Hardware,Partner,151439,86517,140537,4.1,6
2025-04-15,LATAM,Cloud Services,Direct,65182,27174,57604,4.6,15
2024-12-14,EMEA,Enterprise Software,Partner,112975,61789,105489,4.9,13
2024-04-06,EMEA,Cloud Services,Online,468138,149648,534932,3.6,6
2024-04-20,EMEA,Hardware,Direct,297166,163878,321047,4.6,14
2025-08-18,APAC,Hardware,Online,415377,242051,426928,4.7,1
2024-09-14,EMEA,Consulting,Partner,391116,198884,394086,3.6,1
2025-11-19,APAC,Cloud Services,Direct,264957,109492,277852,4.6,9
2024-08-23,EMEA,Consulting,Direct,40461,25007,41646,4.8,15
2025-06-08,LATAM,Consulting,Online,365050,126743,390986,4.3,4
2024-12-23,EMEA,Enterprise Software,Online,17461,7097,16590,3.9,4
2025-03-23,LATAM,Consulting,Partner,185405,81288,186909,4.4,14
2025-08-28,EMEA,Cloud Services,Direct,162053,88994,157247,4.9,3
2025-02-28,LATAM,Enterprise Software,Partner,243883,111739,267258,4.0,15
2024-03-13,North America,Hardware,Online,194535,119836,208263,4.4,12
2024-08-07,LATAM,Hardware,Direct,267412,148744,255577,3.7,9
2025-06-20,North America,Enterprise Software,Online,379792,160840,343799,3.7,6
2024-03-07,EMEA,Enterprise Software,Partner,174404,73229,190581,4.5,9
2025-02-07,APAC,Consulting,Direct,22224,10454,19110,4.9,0
2024-04-14,APAC,Hardware,Partner,164422,91201,170401,3.6,10
2025-03-24,LATAM,Hardware,Partner,292146,135501,328236,3.7,7
2024-08-30,EMEA,Hardware,Online,352776,131780,332610,4.2,0
2025-04-27,North America,Cloud Services,Online,64225,32983,61422,4.3,1
2024-11-10,APAC,Hardware,Online,372544,208252,422535,3.8,9
2025-03-30,LATAM,Consulting,Partner,75140,41246,75610,4.2,3
2025-06-30,LATAM,Cloud Services,Partner,487219,216142,489379,4.3,8
2024-11-20,LATAM,Hardware,Partner,423399,169320,466588,4.3,10
2024-03-08,LATAM,Consulting,Direct,83169,46958,79823,3.8,1
2025-09-03,LATAM,Consulting,Online,404798,235256,364989,4.1,6
2024-07-06,APAC,Hardware,Direct,442606,231693,400570,3.5,13
2024-02-28,North America,Hardware,Partner,152182,82926,165812,3.7,9
2024-07-29,APAC,Enterprise Software,Partner,99743,41573,97652,4.2,3
2025-01-23,North America,Cloud Services,Partner,249647,83844,283561,3.9,9
2025-03-08,North America,Consulting,Partner,237336,83622,246818,4.6,13
2024-05-22,EMEA,Consulting,Partner,204716,85565,182981,4.7,3
2025-12-20,APAC,Cloud Services,Online,247912,104913,218716,3.5,1
2025-12-22,EMEA,Hardware,Partner,449586,263889,437947,4.5,5
2024-02-21,North America,Consulting,Partner,294907,167293,337146,4.9,4
2024-02-01,North America,Cloud Services,Online,256301,133400,280594,4.1,1
2025-01-20,EMEA,Hardware,Partner,162131,57097,144510,3.6,12
2025-10-03,North America,Cloud Services,Direct,493499,203201,535916,3.9,15
2025-09-13,North America,Cloud Services,Partner,385595,153635,347879,4.0,9
2024-10-12,APAC,Hardware,Partner,371333,193849,319465,4.5,6
2025-02-11,North America,Cloud Services,Online,167883,58875,183677,4.6,9
2025-06-06,APAC,Cloud Services,Partner,117092,67671,100113,4.8,3
2025-11-29,EMEA,Cloud Services,Online,325646,154416,292675,4.9,13
2024-10-02,LATAM,Enterprise Software,Online,162324,63516,144981,3.5,10
2025-07-05,LATAM,Cloud Services,Online,321997,144446,274418,4.1,2
2024-06-17,North America,Hardware,Direct,188130,99726,205803,4.4,0
2025-06-07,LATAM,Enterprise Software,Partner,442859,158994,431649,3.9,4
2024-09-25,LATAM,Enterprise Software,Online,385574,174907,351364,4.4,0
2024-05-23,North America,Hardware,Direct,357801,173259,364869,4.9,15
2025-07-11,EMEA,Cloud Services,Partner,316391,148162,287186,4.2,8
2024-07-04,EMEA,Cloud Services,Partner,287749,95398,299582,4.8,6
2025-03-30,LATAM,Cloud Services,Direct,135580,64256,146886,3.8,4
2024-03-19,LATAM,Cloud Services,Direct,317980,123653,310245,4.3,1
2025-09-23,APAC,Cloud Services,Online,25791,11715,22769,4.9,15
2025-01-06,LATAM,Enterprise Software,Online,410010,164303,444059,4.5,8
2025-07-28,North America,Cloud Services,Direct,21560,12819,20957,3.8,1
2025-02-09,LATAM,Hardware,Online,203709,112508,190342,4.1,12
2025-07-07,North America,Hardware,Partner,154575,81542,147086,3.5,15
2024-06-14,APAC,Hardware,Partner,167212,68384,179352,3.5,2
2025-03-12,APAC,Cloud Services,Partner,431777,185179,384371,3.7,8
2024-10-09,EMEA,Hardware,Partner,398086,231606,418668,4.5,3
2025-05-20,LATAM,Hardware,Online,228827,123961,249772,4.8,1
2025-01-27,North America,Hardware,Direct,248178,142709,250976,4.4,10
2025-08-28,EMEA,Enterprise Software,Online,180203,103991,153930,4.4,10
2024-01-02,APAC,Enterprise Software,Direct,429204,190307,423997,4.2,3
2024-02-07,LATAM,Cloud Services,Direct,210065,81180,209138,3.7,8
2025-05-27,APAC,Enterprise Software,Direct,107170,47119,93788,4.5,11
2025-08-28,North America,Cloud Services,Partner,117724,44133,128948,5.0,8
2025-02-18,North America,Consulting,Partner,114647,51582,116237,3.6,7
2024-11-27,North America,Enterprise Software,Partner,330038,193477,289514,3.9,8
2024-06-20,North America,Consulting,Partner,229606,102207,261348,4.9,15
2025-06-10,LATAM,Enterprise Software,Online,382949,159269,425878,3.7,15
2025-05-30,EMEA,Enterprise Software,Online,231711,94513,249705,3.7,9
2025-03-08,North America,Enterprise Software,Direct,34976,16017,39700,4.3,6
2024-06-06,APAC,Enterprise Software,Online,113863,43536,108350,3.6,12
2025-05-02,EMEA,Enterprise Software,Direct,405167,131544,454801,4.4,0
2025-06-29,LATAM,Enterprise Software,Partner,334809,110224,315232,3.8,7
2024-08-09,APAC,Enterprise Software,Online,117791,51918,119618,4.0,2
2024-01-21,EMEA,Hardware,Direct,478255,254056,511399,3.6,7
2025-03-12,North America,Cloud Services,Online,102115,53525,108939,4.9,5
2024-08-13,APAC,Hardware,Direct,25385,14127,28236,4.0,8
2025-09-25,APAC,Consulting,Online,129774,76048,117258,4.2,12
2025-03-17,LATAM,Consulting,Direct,114126,44460,108015,3.6,5
2024-02-06,EMEA,Enterprise Software,Online,405993,241319,358935,3.5,5
2025-03-08,LATAM,Hardware,Partner,88422,49394,82710,4.1,2
2025-04-07,North America,Cloud Services,Online,401065,247293,353217,4.1,11
2024-06-14,APAC,Hardware,Partner,53890,25791,61667,4.6,10
2024-05-18,North America,Cloud Services,Online,156429,92881,151906,5.0,1
2025-01-29,APAC,Consulting,Online,138692,82262,125683,3.5,6
2024-01-21,EMEA,Hardware,Online,310242,174220,291736,3.9,4
2024-05-20,North America,Consulting,Partner,495319,274696,505203,4.5,8
2025-10-19,North America,Consulting,Online,193024,100214,173308,4.8,15
2025-12-18,APAC,Consulting,Direct,484782,218128,442623,3.7,14
2024-06-04,EMEA,Consulting,Partner,545778,312901,487755,4.5,7
2024-10-06,EMEA,Cloud Services,Online,477918,271279,538225,3.6,5
2024-12-28,LATAM,Consulting,Online,323988,107560,338592,3.6,4
2025-08-27,EMEA,Consulting,Online,243169,147514,242914,3.7,11
2025-03-31,LATAM,Hardware,Direct,436976,227060,439623,4.3,0
2024-10-08,North America,Enterprise Software,Partner,160534,81242,175433,4.1,14
2025-05-25,EMEA,Enterprise Software,Partner,407797,202071,408185,4.2,1
2024-07-15,APAC,Consulting,Online,462974,151103,415633,4.0,9
2025-04-15,APAC,Hardware,Direct,262358,146836,280398,4.3,13
2024-04-24,EMEA,Enterprise Software,Direct,465131,221800,419638,4.0,8
2025-09-07,EMEA,Hardware,Online,492450,199967,564950,4.8,4
2024-12-04,EMEA,Cloud Services,Online,137150,47877,118669,4.8,10
2024-08-08,APAC,Cloud Services,Partner,129496,78773,131415,4.4,14
2024-07-01,LATAM,Enterprise Software,Partner,286923,99532,260664,4.7,0
2025-04-24,APAC,Enterprise Software,Online,164099,76579,146455,3.7,0
2025-07-22,EMEA,Cloud Services,Direct,376967,119306,356579,4.8,1
2024-10-07,APAC,Consulting,Partner,34502,14098,32551,4.7,13
2024-01-08,APAC,Hardware,Online,342336,175033,336495,4.1,13
2025-06-29,LATAM,Hardware,Online,327712,145085,344496,3.9,0
2024-01-09,North America,Consulting,Direct,112364,50658,117343,3.5,12
2024-04-24,North America,Enterprise Software,Direct,281635,137469,276762,4.5,8
2024-08-20,APAC,Hardware,Partner,428712,252395,456644,4.3,0
2025-07-04,North America,Cloud Services,Partner,420423,205868,453524,4.9,7
2024-06-28,APAC,Cloud Services,Online,438886,157307,487365,4.1,3
2025-03-15,North America,Cloud Services,Direct,305103,173115,260263,3.7,10
2024-08-18,EMEA,Cloud Services,Partner,118775,37829,124961,3.6,1
2025-10-25,LATAM,Enterprise Software,Partner,343964,169010,352440,4.0,14
2024-08-10,LATAM,Hardware,Direct,21539,9020,20494,4.9,9
2024-09-26,APAC,Enterprise Software,Direct,371462,161052,421360,3.6,4
2025-01-23,North America,Consulting,Online,48744,25834,48153,4.4,2
2025-08-01,EMEA,Enterprise Software,Online,455988,266095,444177,4.6,5
2024-12-02,EMEA,Consulting,Partner,116905,56327,129423,4.5,7
2025-09-26,EMEA,Enterprise Software,Partner,311075,113050,295123,4.0,15
2024-06-29,North America,Enterprise Software,Partner,120494,67528,109270,3.7,11
2025-11-18,LATAM,Consulting,Direct,103286,37472,96141,4.8,1
2024-04-25,APAC,Cloud Services,Partner,345863,200299,369741,4.1,5
2024-04-05,EMEA,Cloud Services,Partner,98478,45965,85937,4.4,7
2024-05-12,APAC,Enterprise Software,Partner,177610,82613,165294,3.5,12
2025-01-13,LATAM,Hardware,Partner,276278,123286,315134,4.2,4
2025-09-26,EMEA,Consulting,Partner,151553,89437,151515,4.4,0
2024-04-27,North America,Enterprise Software,Online,217866,88113,249362,4.5,5
2024-06-06,North America,Hardware,Partner,253554,100230,280326,4.0,3
2024-11-10,North America,Consulting,Online,495334,189629,517255,5.0,15
2025-12-02,APAC,Cloud Services,Direct,326131,147403,350553,4.6,7
2024-11-18,EMEA,Enterprise Software,Online,469893,226770,533399,4.1,15
2024-10-21,LATAM,Enterprise Software,Direct,151707,81060,147648,3.8,12
2025-11-06,North America,Enterprise Software,Online,362792,197890,393317,3.8,6
2024-08-12,APAC,Cloud Services,Online,341080,144781,319261,4.3,11
2025-10-14,APAC,Hardware,Partner,323572,177966,359887,3.5,6
2025-11-01,North America,Consulting,Partner,197934,106721,200136,4.6,1
2024-07-14,APAC,Enterprise Software,Partner,297740,127180,334161,4.6,15
2025-09-27,APAC,Hardware,Partner,394903,144727,363224,3.7,12
2025-07-26,EMEA,Hardware,Direct,210658,127573,224217,4.4,12
2024-11-21,North America,Enterprise Software,Direct,396620,184941,453645,4.5,11
2024-07-11,APAC,Cloud Services,Partner,320281,127125,302725,4.2,11
2024-02-21,APAC,Cloud Services,Direct,16861,8735,14599,4.6,14
2025-10-18,EMEA,Enterprise Software,Direct,198929,109613,217951,3.7,4
2024-04-27,North America,Hardware,Direct,338345,151264,333508,3.8,6
2024-05-28,EMEA,Consulting,Partner,317831,109437,318121,4.5,11
2024-03-06,APAC,Cloud Services,Partner,382689,186334,379325,3.6,5
2025-12-30,North America,Hardware,Direct,534699,286332,516094,4.8,13
2025-08-28,APAC,Consulting,Online,311517,170213,350838,4.4,11
2024-06-25,North America,Enterprise Software,Online,274019,106283,275933,3.7,15
2024-12-28,LATAM,Cloud Services,Online,251450,147343,259404,3.6,6
2024-11-16,EMEA,Cloud Services,Partner,293496,145923,267158,4.0,12
2024-09-09,EMEA,Cloud Services,Online,248697,142875,271664,4.5,13
2024-06-18,EMEA,Hardware,Online,140698,60256,141739,4.5,14
2025-10-25,North America,Consulting,Online,394822,236253,388876,4.6,12
2025-02-18,EMEA,Hardware,Online,408538,158792,370489,4.8,3
2024-03-11,APAC,Cloud Services,Partner,281731,158473,259702,4.1,8
2025-10-27,APAC,Cloud Services,Partner,399929,207621,408601,4.2,4
2024-07-31,LATAM,Enterprise Software,Online,405412,240063,458031,4.1,7
2025-10-02,EMEA,Cloud Services,Direct,22055,13133,24242,4.4,4
2024-07-26,LATAM,Enterprise Software,Partner,432593,238657,481358,4.6,15
2024-06-11,APAC,Enterprise Software,Direct,146016,72677,137140,4.5,9
2025-01-21,LATAM,Cloud Services,Online,261881,131312,244875,3.9,13
2025-03-01,LATAM,Cloud Services,Online,456848,196895,440741,4.0,7
2025-01-10,APAC,Hardware,Online,152728,72117,167296,4.9,5
2025-07-18,APAC,Consulting,Direct,165075,90193,175420,4.7,8
2024-10-25,APAC,Enterprise Software,Partner,467426,233089,429667,3.9,15
2025-01-05,North America,Hardware,Online,36613,21874,37437,4.7,4
2024-11-23,North America,Enterprise Software,Direct,431441,208717,367256,3.5,13
2024-07-20,LATAM,Consulting,Direct,242067,82512,206035,3.9,12
2025-12-06,LATAM,Enterprise Software,Partner,446325,198589,494774,4.2,8
2024-02-11,North America,Enterprise Software,Online,157214,75719,147187,4.3,2
2025-07-06,APAC,Hardware,Online,14331,8073,12944,4.9,8
2024-01-09,LATAM,Enterprise Software,Direct,194544,82380,169126,5.0,2
2024-03-02,North America,Cloud Services,Partner,421811,178333,391984,3.9,3
2025-08-19,LATAM,Consulting,Partner,267231,114636,291825,3.7,5
2024-04-10,North America,Hardware,Partner,48409,27908,47336,4.3,9
2024-07-06,North America,Consulting,Partner,91238,30440,101143,4.3,8
2024-11-12,EMEA,Cloud Services,Direct,464988,256702,430764,5.0,15
2025-09-12,APAC,Enterprise Software,Direct,235121,105818,244140,4.0,12
2024-11-12,APAC,Consulting,Online,486752,165800,534103,4.3,14
2025-12-09,EMEA,Cloud Services,Online,33984,16545,30220,3.9,15
2024-02-23,EMEA,Enterprise Software,Online,303128,141228,346345,4.9,11
2024-05-09,EMEA,Cloud Services,Partner,201375,104920,222697,4.1,4
2025-06-03,EMEA,Cloud Services,Direct,160641,68154,144226,5.0,5
2024-06-26,EMEA,Cloud Services,Partner,216749,76461,204385,4.3,2
2024-11-21,EMEA,Consulting,Partner,155006,60925,159769,3.7,0
2025-04-21,APAC,Consulting,Partner,50088,21300,48138,3.8,7
2024-12-10,APAC,Hardware,Partner,198058,110082,210840,4.0,8
2025-12-06,LATAM,Enterprise Software,Direct,119407,70584,123705,4.0,8
2025-03-31,APAC,Enterprise Software,Partner,416757,201839,442284,3.5,15
2025-12-05,North America,Cloud Services,Online,92029,31995,78359,4.9,2
2025-01-30,North America,Enterprise Software,Online,428241,206337,479727,4.9,10
2024-08-26,EMEA,Cloud Services,Direct,283438,107008,285937,4.2,9
2024-09-09,APAC,Consulting,Online,141074,52820,134990,3.9,2
2025-10-15,APAC,Enterprise Software,Partner,77421,45453,67160,4.9,4
2024-02-22,APAC,Cloud Services,Online,248515,102463,250841,3.6,7
2024-04-03,LATAM,Consulting,Online,315364,137572,326296,3.6,3
2024-03-13,LATAM,Consulting,Direct,321372,140940,304072,3.6,15
2025-04-20,EMEA,Hardware,Online,66176,29593,63847,4.6,9
2025-12-17,EMEA,Enterprise Software,Direct,454537,265578,425951,4.8,3
2025-03-21,North America,Cloud Services,Online,439358,172592,405476,4.9,15
2024-01-03,North America,Consulting,Partner,312138,162360,300442,4.3,4
2024-09-02,North America,Cloud Services,Online,414811,152152,405083,4.5,14
2025-08-28,North America,Enterprise Software,Partner,97502,56383,85088,4.4,6
2024-09-05,EMEA,Consulting,Online,491436,250596,437250,4.5,8
2025-10-23,LATAM,Enterprise Software,Direct,89944,41394,100127,3.6,1
2025-06-03,LATAM,Cloud Services,Direct,24963,13774,23015,3.6,12
2024-10-18,EMEA,Hardware,Direct,264289,93491,243384,4.5,0
2025-09-16,North America,Hardware,Online,253768,127126,256322,3.5,7
2024-03-16,EMEA,Consulting,Direct,79672,31013,68224,3.6,1
2024-01-13,LATAM,Hardware,Online,83535,44904,89549,4.0,3
2024-02-20,North America,Enterprise Software,Online,248188,152878,284248,4.1,14
2025-02-23,APAC,Consulting,Direct,476441,204996,488842,4.2,3
2025-10-13,EMEA,Cloud Services,Partner,113915,48859,123619,4.1,14
2024-11-15,North America,Cloud Services,Partner,142797,73266,152629,3.5,14
2024-09-13,North America,Enterprise Software,Online,347735,156419,392579,4.2,4
2025-09-21,EMEA,Cloud Services,Direct,208017,99600,205528,3.5,0
2024-06-20,LATAM,Cloud Services,Direct,152487,68270,131182,4.2,14
2024-10-09,EMEA,Hardware,Online,559254,175668,512520,4.7,3
2024-11-19,LATAM,Hardware,Direct,304768,120843,289737,4.6,9
2025-12-19,North America,Consulting,Partner,170970,102324,178868,4.4,2
2024-01-15,EMEA,Enterprise Software,Online,235864,114702,203539,4.0,11
2024-08-16,EMEA,Enterprise Software,Partner,246974,76482,233751,5.0,0
2025-01-09,EMEA,Cloud Services,Online,424750,230459,473360,4.1,8
2024-06-06,North America,Hardware,Online,359937,202506,361785,4.9,10
2025-01-27,APAC,Cloud Services,Direct,484902,192087,483719,4.7,14
2025-03-10,EMEA,Cloud Services,Partner,127408,58147,114884,4.6,0
2025-08-24,LATAM,Cloud Services,Partner,327798,152775,351255,4.8,6
2024-09-25,EMEA,Hardware,Online,34544,18949,39037,4.6,14
2024-04-05,EMEA,Cloud Services,Direct,75888,43469,86414,4.8,2
2024-07-10,APAC,Cloud Services,Online,67450,32879,63695,4.4,13
2025-06-21,EMEA,Consulting,Direct,414470,254654,459201,4.2,15
2024-07-04,LATAM,Enterprise Software,Direct,446522,231352,487745,4.0,11
2024-10-06,EMEA,Enterprise Software,Partner,233607,106423,214938,4.1,3
2025-07-26,APAC,Enterprise Software,Partner,414888,201880,374533,3.7,14
2025-12-10,EMEA,Consulting,Online,93746,35879,102457,4.8,5
2025-12-08,North America,Enterprise Software,Online,277744,148446,297267,4.5,7
2024-12-24,EMEA,Cloud Services,Partner,240153,114983,235730,4.6,13
2025-11-22,EMEA,Hardware,Partner,499464,235380,446638,4.4,12
2024-07-21,North America,Enterprise Software,Direct,364547,123334,413331,3.9,6
2025-01-14,North America,Cloud Services,Partner,247403,88189,250846,4.4,7
2025-05-18,EMEA,Hardware,Direct,56940,25898,54182,4.2,9
2025-03-17,North America,Hardware,Partner,404775,143422,358601,4.3,13
2025-10-28,North America,Cloud Services,Partner,395114,139541,355156,4.7,6
2024-06-05,North America,Enterprise Software,Online,122945,43622,116330,4.3,13
2025-11-06,LATAM,Hardware,Partner,165887,78739,153758,3.8,4
2025-09-21,EMEA,Enterprise Software,Partner,461127,253874,445389,4.2,4
2025-03-06,EMEA,Enterprise Software,Partner,219699,136865,215096,4.8,15
2024-02-29,North America,Enterprise Software,Direct,253950,108920,219939,3.7,0
2025-02-20,North America,Hardware,Direct,189357,85690,177058,4.9,8
2025-07-30,LATAM,Enterprise Software,Partner,228712,103415,205432,5.0,0
2024-02-18,APAC,Consulting,Online,471212,193283,418771,4.1,1
2025-02-23,North America,Enterprise Software,Direct,260699,90692,286742,3.9,11
2024-06-26,North America,Cloud Services,Partner,463902,236133,444777,3.6,0
2025-09-28,LATAM,Cloud Services,Partner,219633,110646,243856,3.8,0
2025-01-16,North America,Consulting,Direct,353822,135152,379597,4.5,13
2025-06-26,APAC,Consulting,Partner,480430,222869,435517,3.6,15
2025-07-11,North America,Cloud Services,Online,493075,276853,561203,3.7,10
2024-10-18,EMEA,Cloud Services,Online,288910,155915,285005,4.2,10
2025-07-08,LATAM,Hardware,Online,429364,263346,428886,4.3,13
2024-05-26,EMEA,Enterprise Software,Direct,198057,108483,184369,4.5,9
2025-03-02,North America,Cloud Services,Direct,491959,277344,544447,4.3,5
2025-04-08,LATAM,Hardware,Partner,397435,232162,409855,3.7,7
2025-04-16,APAC,Cloud Services,Direct,289826,169615,283825,3.8,6
2025-07-26,APAC,Cloud Services,Partner,176129,94252,196993,3.5,10
2025-01-18,APAC,Consulting,Online,177932,68845,179884,3.9,15
2025-09-10,LATAM,Hardware,Direct,71562,29497,66192,3.6,9
2025-08-29,LATAM,Hardware,Partner,441989,228471,404439,4.5,13
2024-08-03,APAC,Enterprise Software,Direct,193206,94258,184847,4.3,9
2025-06-16,LATAM,Cloud Services,Online,325315,178746,284902,4.6,2
2024-08-19,APAC,Enterprise Software,Partner,270123,152202,274523,4.3,4
2025-09-11,APAC,Cloud Services,Online,248569,100198,227400,3.8,7
2024-07-04,APAC,Hardware,Direct,87442,47287,80294,3.9,2
2024-07-07,North America,Cloud Services,Partner,309395,173180,322831,4.0,0
2025-01-21,APAC,Enterprise Software,Direct,180646,74200,159850,4.3,3
2024-02-10,EMEA,Hardware,Partner,14695,4766,15170,4.1,12
2024-03-01,EMEA,Hardware,Partner,374464,122021,359668,4.1,0
2024-11-28,EMEA,Enterprise Software,Online,152181,53967,131105,4.8,0
2024-04-21,EMEA,Enterprise Software,Direct,466243,212021,397426,3.6,9
2025-07-17,EMEA,Enterprise Software,Online,469350,197315,458211,4.9,12
2024-03-07,North America,Consulting,Online,452263,230117,430126,4.4,14
2025-08-30,LATAM,Enterprise Software,Online,353136,122847,401092,4.1,4
2024-05-11,EMEA,Enterprise Software,Direct,105428,35222,102739,4.0,9
2025-04-18,North America,Enterprise Software,Direct,331196,107148,357987,4.2,6
2025-05-14,EMEA,Consulting,Direct,484857,247851,485701,4.3,11
2025-04-16,EMEA,Cloud Services,Direct,67730,29646,70584,3.9,1
2025-09-30,North America,Hardware,Direct,418366,192423,461094,4.6,5
2024-06-15,LATAM,Consulting,Partner,348916,184323,388158,4.7,8
2024-01-20,EMEA,Enterprise Software,Partner,502488,164542,518127,3.7,5
2024-06-02,LATAM,Consulting,Direct,420334,198868,381070,4.3,4
2025-10-01,EMEA,Consulting,Partner,419442,166021,419480,4.8,6
2024-12-09,LATAM,Consulting,Direct,449650,274597,431731,4.3,11
2025-06-28,EMEA,Consulting,Partner,110931,52977,115272,4.6,12
2025-10-22,EMEA,Enterprise Software,Direct,190680,79982,185957,4.6,11
2024-05-02,North America,Enterprise Software,Partner,122424,73166,135284,5.0,6
2024-12-04,EMEA,Enterprise Software,Online,594442,307105,536669,4.7,4
2024-04-04,North America,Hardware,Partner,252556,91351,273131,4.8,8
2025-02-28,APAC,Cloud Services,Online,209092,75594,230457,4.2,14
2025-06-24,LATAM,Consulting,Direct,54772,18705,49669,4.5,15
2024-09-24,North America,Hardware,Online,39048,16197,43612,4.2,5
2024-01-29,APAC,Hardware,Direct,322336,166430,369100,4.5,7
2024-01-23,APAC,Cloud Services,Partner,110588,67137,94792,4.2,12
2025-07-06,EMEA,Hardware,Direct,202828,90385,184582,4.0,0
2024-09-14,LATAM,Consulting,Partner,391050,171755,427641,4.7,5
2024-09-16,North America,Enterprise Software,Online,281484,119156,242500,4.4,8
2025-08-03,North America,Enterprise Software,Partner,402776,212171,420031,4.5,5
2024-10-19,APAC,Enterprise Software,Direct,226351,119359,258558,5.0,12
2025-02-23,EMEA,Cloud Services,Online,119920,65228,135371,3.8,12
2024-06-11,APAC,Consulting,Online,136812,54119,146958,4.0,13
2025-04-30,LATAM,Enterprise Software,Direct,403545,144335,374085,4.4,11
2024-05-22,North America,Enterprise Software,Online,14722,6141,14032,3.9,12
2025-11-03,North America,Enterprise Software,Partner,296298,149752,256223,3.5,6
2025-11-17,EMEA,Consulting,Partner,419464,213923,411557,3.9,4
2025-09-15,APAC,Enterprise Software,Online,486186,162049,475377,5.0,5
2024-11-01,LATAM,Hardware,Direct,439351,178169,492475,3.7,15
2024-02-17,APAC,Hardware,Direct,375750,165812,378845,3.7,2
2025-03-31,North America,Cloud Services,Partner,225375,98679,253408,3.8,14
2025-06-23,LATAM,Cloud Services,Direct,207687,78140,238200,4.1,9
2025-03-25,North America,Consulting,Direct,130385,54668,117018,4.5,9
2024-09-11,LATAM,Cloud Services,Direct,401337,169803,456887,4.4,12
2024-12-03,LATAM,Consulting,Online,100069,44115,113165,4.8,7
2025-12-11,North America,Cloud Services,Partner,502970,288260,536018,4.3,2
2025-06-24,EMEA,Enterprise Software,Direct,428351,255415,407924,4.7,2
2025-11-05,North America,Enterprise Software,Partner,256337,153995,285498,3.5,5
2024-02-09,APAC,Cloud Services,Online,76770,26772,65816,4.4,13
2025-01-15,LATAM,Enterprise Software,Partner,191762,77061,163038,4.9,10
2025-03-14,North America,Consulting,Online,206349,121468,183014,5.0,0
2024-06-23,LATAM,Enterprise Software,Direct,490926,268887,491876,4.8,11
2025-01-11,APAC,Enterprise Software,Online,15947,7535,14654,4.3,1
2024-12-18,APAC,Enterprise Software,Online,185388,96711,178777,4.1,14
2025-07-19,North America,Hardware,Partner,85851,47109,84224,4.1,2
2025-03-07,LATAM,Consulting,Partner,83438,49668,84144,4.5,3
2024-03-26,EMEA,Consulting,Direct,71821,39862,76776,3.7,13
2025-09-14,North America,Consulting,Online,415429,257567,466874,3.7,15
2024-10-24,North America,Hardware,Online,29515,13586,26285,4.4,7
2025-11-25,North America,Consulting,Direct,299258,148786,280394,3.5,10
2025-11-26,LATAM,Enterprise Software,Partner,76267,43862,74666,5.0,15
2025-04-01,APAC,Cloud Services,Online,62870,32526,64960,4.8,8
2024-08-08,EMEA,Consulting,Partner,33555,19924,33124,4.3,5
2024-04-01,APAC,Hardware,Direct,79109,42796,76595,4.0,2
2024-08-28,North America,Hardware,Online,38834,15287,38636,4.8,3
2025-06-16,LATAM,Hardware,Partner,401776,148453,432993,4.2,2
2025-12-05,APAC,Enterprise Software,Direct,280480,164284,306200,4.5,6
2024-05-18,APAC,Hardware,Direct,174486,72811,188565,4.2,0
2025-03-04,APAC,Enterprise Software,Partner,52464,20900,47403,3.6,6
2024-02-20,North America,Consulting,Online,332176,113920,359333,3.8,1
2024-05-21,LATAM,Enterprise Software,Online,195964,102065,182002,3.7,11
2024-05-06,North America,Enterprise Software,Direct,379605,184257,364061,4.5,14
2024-04-14,North America,Enterprise Software,Direct,272640,155879,282859,4.6,7
2024-11-06,APAC,Enterprise Software,Partner,78259,45783,80677,3.6,2
2025-10-04,EMEA,Hardware,Partner,210798,116525,227449,4.4,13
2025-06-19,LATAM,Hardware,Direct,429627,257841,453900,4.4,4
2024-07-29,EMEA,Enterprise Software,Online,170477,105750,146741,4.9,13
2025-07-14,North America,Enterprise Software,Direct,272440,146257,297345,4.4,9
2024-03-31,APAC,Consulting,Partner,323612,121778,303969,4.5,14
2024-04-04,North America,Cloud Services,Partner,403876,177473,411128,4.9,11
2024-12-01,APAC,Consulting,Online,591062,337293,630119,4.5,1
2024-08-08,North America,Cloud Services,Direct,456742,271882,500736,3.6,7
